LTER_2008,EML,00002-metadata.xml,Resource Quality Description,
LTER_2008,EML,00007-metadata.xml,Resource Quality Description,
LTER_2008,EML,00008-metadata.xml,Resource Quality Description,
LTER_2008,EML,00014-metadata.xml,Resource Quality Description,
LTER_2008,EML,00020-metadata.xml,Resource Quality Description,
LTER_2008,EML,00027-metadata.xml,Resource Quality Description,
LTER_2008,EML,00032-metadata.xml,Resource Quality Description,
LTER_2008,EML,00033-metadata.xml,Resource Quality Description,
LTER_2008,EML,00036-metadata.xml,Resource Quality Description,
LTER_2008,EML,00043-metadata.xml,Resource Quality Description,
LTER_2008,EML,00044-metadata.xml,Resource Quality Description,
LTER_2008,EML,00045-metadata.xml,Resource Quality Description,
LTER_2008,EML,00046-metadata.xml,Resource Quality Description,
LTER_2008,EML,00048-metadata.xml,Resource Quality Description,
LTER_2008,EML,00049-metadata.xml,Resource Quality Description,
LTER_2008,EML,00050-metadata.xml,Resource Quality Description,
LTER_2008,EML,00053-metadata.xml,Resource Quality Description,
LTER_2008,EML,00057-metadata.xml,Resource Quality Description,
LTER_2008,EML,00063-metadata.xml,Resource Quality Description,
LTER_2008,EML,00064-metadata.xml,Resource Quality Description,
LTER_2008,EML,00068-metadata.xml,Resource Quality Description,
LTER_2008,EML,00071-metadata.xml,Resource Quality Description,
LTER_2008,EML,00075-metadata.xml,Resource Quality Description,
LTER_2008,EML,00086-metadata.xml,Resource Quality Description,
LTER_2008,EML,00087-metadata.xml,Resource Quality Description,
LTER_2008,EML,00091-metadata.xml,Resource Quality Description,
LTER_2008,EML,00100-metadata.xml,Resource Quality Description,
LTER_2008,EML,00103-metadata.xml,Resource Quality Description,
LTER_2008,EML,00107-metadata.xml,Resource Quality Description,
LTER_2008,EML,00108-metadata.xml,Resource Quality Description,
LTER_2008,EML,00110-metadata.xml,Resource Quality Description,
LTER_2008,EML,00112-metadata.xml,Resource Quality Description,
LTER_2008,EML,00113-metadata.xml,Resource Quality Description,
LTER_2008,EML,00114-metadata.xml,Resource Quality Description,
LTER_2008,EML,00115-metadata.xml,Resource Quality Description,
LTER_2008,EML,00116-metadata.xml,Resource Quality Description,
LTER_2008,EML,00130-metadata.xml,Resource Quality Description,
LTER_2008,EML,00140-metadata.xml,Resource Quality Description,
LTER_2008,EML,00141-metadata.xml,Resource Quality Description,
LTER_2008,EML,00144-metadata.xml,Resource Quality Description,
LTER_2008,EML,00145-metadata.xml,Abstract,
LTER_2008,EML,00145-metadata.xml,Attribute Definition,
LTER_2008,EML,00145-metadata.xml,Attribute Definition,
LTER_2008,EML,00145-metadata.xml,Attribute Definition,
LTER_2008,EML,00145-metadata.xml,Attribute Definition,
LTER_2008,EML,00145-metadata.xml,Attribute Definition,
LTER_2008,EML,00145-metadata.xml,Attribute Definition,
LTER_2008,EML,00145-metadata.xml,Attribute Definition,
LTER_2008,EML,00145-metadata.xml,Attribute Definition,
LTER_2008,EML,00145-metadata.xml,Attribute Definition,
LTER_2008,EML,00145-metadata.xml,Attribute Definition,
LTER_2008,EML,00145-metadata.xml,Attribute Definition,
LTER_2008,EML,00145-metadata.xml,Attribute Definition,
LTER_2008,EML,00145-metadata.xml,Attribute Definition,
LTER_2008,EML,00145-metadata.xml,Attribute Definition,
LTER_2008,EML,00145-metadata.xml,Attribute Definition,
LTER_2008,EML,00145-metadata.xml,Attribute Definition,
LTER_2008,EML,00145-metadata.xml,Attribute Definition,
LTER_2008,EML,00145-metadata.xml,Attribute Definition,
LTER_2008,EML,00145-metadata.xml,Attribute Definition,
LTER_2008,EML,00145-metadata.xml,Attribute Definition,
LTER_2008,EML,00145-metadata.xml,Attribute Definition,
LTER_2008,EML,00145-metadata.xml,Attribute Definition,
LTER_2008,EML,00145-metadata.xml,Attribute Definition,
LTER_2008,EML,00145-metadata.xml,Attribute Definition,
LTER_2008,EML,00145-metadata.xml,Attribute Definition,
LTER_2008,EML,00145-metadata.xml,Attribute Definition,
LTER_2008,EML,00145-metadata.xml,Attribute Definition,
LTER_2008,EML,00145-metadata.xml,Attribute Definition,
LTER_2008,EML,00145-metadata.xml,Attribute Definition,
LTER_2008,EML,00145-metadata.xml,Attribute Definition,
LTER_2008,EML,00145-metadata.xml,Attribute Definition,
LTER_2008,EML,00145-metadata.xml,Attribute Definition,
LTER_2008,EML,00145-metadata.xml,Attribute Definition,
LTER_2008,EML,00145-metadata.xml,Attribute Definition,
LTER_2008,EML,00145-metadata.xml,Attribute List,
LTER_2008,EML,00145-metadata.xml,Attribute List,
LTER_2008,EML,00145-metadata.xml,Author,
LTER_2008,EML,00145-metadata.xml,Author,
LTER_2008,EML,00145-metadata.xml,Author / Originator,
LTER_2008,EML,00145-metadata.xml,Author / Originator,
LTER_2008,EML,00145-metadata.xml,Author / Originator Identifier,
LTER_2008,EML,00145-metadata.xml,Author / Originator Identifier,
LTER_2008,EML,00145-metadata.xml,Author / Originator World Wide Web Address,
LTER_2008,EML,00145-metadata.xml,Author / Originator World Wide Web Address,
LTER_2008,EML,00145-metadata.xml,Bounding Box,
LTER_2008,EML,00145-metadata.xml,Bounding Box,
LTER_2008,EML,00145-metadata.xml,Bounding Box,
LTER_2008,EML,00145-metadata.xml,Bounding Box,
LTER_2008,EML,00145-metadata.xml,Bounding Box,
LTER_2008,EML,00145-metadata.xml,Bounding Box,
LTER_2008,EML,00145-metadata.xml,Bounding Box,
LTER_2008,EML,00145-metadata.xml,Bounding Box,
LTER_2008,EML,00145-metadata.xml,Bounding Box,
LTER_2008,EML,00145-metadata.xml,Bounding Box,
LTER_2008,EML,00145-metadata.xml,Easternmost Longitude,
LTER_2008,EML,00145-metadata.xml,Easternmost Longitude,
LTER_2008,EML,00145-metadata.xml,Easternmost Longitude,
LTER_2008,EML,00145-metadata.xml,Easternmost Longitude,
LTER_2008,EML,00145-metadata.xml,Easternmost Longitude,
LTER_2008,EML,00145-metadata.xml,Easternmost Longitude,
LTER_2008,EML,00145-metadata.xml,Easternmost Longitude,
LTER_2008,EML,00145-metadata.xml,Easternmost Longitude,
LTER_2008,EML,00145-metadata.xml,Easternmost Longitude,
LTER_2008,EML,00145-metadata.xml,Easternmost Longitude,
LTER_2008,EML,00145-metadata.xml,End Time,
LTER_2008,EML,00145-metadata.xml,Entity Type Definition,
LTER_2008,EML,00145-metadata.xml,Entity Type Definition,
LTER_2008,EML,00145-metadata.xml,Entity and Attribute Information,
LTER_2008,EML,00145-metadata.xml,Entity and Attribute Information,
LTER_2008,EML,00145-metadata.xml,Keyword,
LTER_2008,EML,00145-metadata.xml,Keyword,
LTER_2008,EML,00145-metadata.xml,Keyword,
LTER_2008,EML,00145-metadata.xml,Keyword,
LTER_2008,EML,00145-metadata.xml,Keyword,
LTER_2008,EML,00145-metadata.xml,Keyword,
LTER_2008,EML,00145-metadata.xml,Keyword,
LTER_2008,EML,00145-metadata.xml,Keyword,
LTER_2008,EML,00145-metadata.xml,Keyword,
LTER_2008,EML,00145-metadata.xml,Keyword,
LTER_2008,EML,00145-metadata.xml,Keyword,
LTER_2008,EML,00145-metadata.xml,Keyword,
LTER_2008,EML,00145-metadata.xml,Keyword,
LTER_2008,EML,00145-metadata.xml,Keyword,
LTER_2008,EML,00145-metadata.xml,Keyword,
LTER_2008,EML,00145-metadata.xml,Keyword,
LTER_2008,EML,00145-metadata.xml,Keyword,
LTER_2008,EML,00145-metadata.xml,Keyword,
LTER_2008,EML,00145-metadata.xml,Keyword,
LTER_2008,EML,00145-metadata.xml,Keyword,
LTER_2008,EML,00145-metadata.xml,Keyword,
LTER_2008,EML,00145-metadata.xml,Keyword,
LTER_2008,EML,00145-metadata.xml,Keyword,
LTER_2008,EML,00145-metadata.xml,Keyword,
LTER_2008,EML,00145-metadata.xml,Keyword,
LTER_2008,EML,00145-metadata.xml,Keyword,
LTER_2008,EML,00145-metadata.xml,Keyword,
LTER_2008,EML,00145-metadata.xml,Keyword,
LTER_2008,EML,00145-metadata.xml,Keyword,
LTER_2008,EML,00145-metadata.xml,Keyword,
LTER_2008,EML,00145-metadata.xml,Keyword,
LTER_2008,EML,00145-metadata.xml,Keyword,
LTER_2008,EML,00145-metadata.xml,Keyword,
LTER_2008,EML,00145-metadata.xml,Keyword,
LTER_2008,EML,00145-metadata.xml,Keyword,
LTER_2008,EML,00145-metadata.xml,Keyword Type,
LTER_2008,EML,00145-metadata.xml,Keyword Type,
LTER_2008,EML,00145-metadata.xml,Keyword Type,
LTER_2008,EML,00145-metadata.xml,Keyword Type,
LTER_2008,EML,00145-metadata.xml,Keyword Type,
LTER_2008,EML,00145-metadata.xml,Keyword Type,
LTER_2008,EML,00145-metadata.xml,Keyword Type,
LTER_2008,EML,00145-metadata.xml,Keyword Type,
LTER_2008,EML,00145-metadata.xml,Keyword Type,
LTER_2008,EML,00145-metadata.xml,Keyword Type,
LTER_2008,EML,00145-metadata.xml,Keyword Type,
LTER_2008,EML,00145-metadata.xml,Keyword Type,
LTER_2008,EML,00145-metadata.xml,Keyword Type,
LTER_2008,EML,00145-metadata.xml,Keyword Type,
LTER_2008,EML,00145-metadata.xml,Keyword Type,
LTER_2008,EML,00145-metadata.xml,Keyword Type,
LTER_2008,EML,00145-metadata.xml,Keyword Type,
LTER_2008,EML,00145-metadata.xml,Keyword Type,
LTER_2008,EML,00145-metadata.xml,Keyword Type,
LTER_2008,EML,00145-metadata.xml,Keyword Type,
LTER_2008,EML,00145-metadata.xml,Keyword Type,
LTER_2008,EML,00145-metadata.xml,Keyword Type,
LTER_2008,EML,00145-metadata.xml,Keyword Type,
LTER_2008,EML,00145-metadata.xml,Keyword Type,
LTER_2008,EML,00145-metadata.xml,Keyword Type,
LTER_2008,EML,00145-metadata.xml,Keyword Type,
LTER_2008,EML,00145-metadata.xml,Keyword Type,
LTER_2008,EML,00145-metadata.xml,Keyword Type,
LTER_2008,EML,00145-metadata.xml,Keyword Type,
LTER_2008,EML,00145-metadata.xml,Keyword Type,
LTER_2008,EML,00145-metadata.xml,Keyword Type,
LTER_2008,EML,00145-metadata.xml,Keyword Type,
LTER_2008,EML,00145-metadata.xml,Keyword Type,
LTER_2008,EML,00145-metadata.xml,Keyword Type,
LTER_2008,EML,00145-metadata.xml,Keyword Type,
LTER_2008,EML,00145-metadata.xml,Keyword Vocabulary,
LTER_2008,EML,00145-metadata.xml,Keyword Vocabulary,
LTER_2008,EML,00145-metadata.xml,Keyword Vocabulary,
LTER_2008,EML,00145-metadata.xml,Keyword Vocabulary,
LTER_2008,EML,00145-metadata.xml,Keyword Vocabulary,
LTER_2008,EML,00145-metadata.xml,Keyword Vocabulary,
LTER_2008,EML,00145-metadata.xml,Metadata Access Constraints,
LTER_2008,EML,00145-metadata.xml,Metadata Use Constraints,
LTER_2008,EML,00145-metadata.xml,Northernmost Latitude,
LTER_2008,EML,00145-metadata.xml,Northernmost Latitude,
LTER_2008,EML,00145-metadata.xml,Northernmost Latitude,
LTER_2008,EML,00145-metadata.xml,Northernmost Latitude,
LTER_2008,EML,00145-metadata.xml,Northernmost Latitude,
LTER_2008,EML,00145-metadata.xml,Northernmost Latitude,
LTER_2008,EML,00145-metadata.xml,Northernmost Latitude,
LTER_2008,EML,00145-metadata.xml,Northernmost Latitude,
LTER_2008,EML,00145-metadata.xml,Northernmost Latitude,
LTER_2008,EML,00145-metadata.xml,Northernmost Latitude,
LTER_2008,EML,00145-metadata.xml,Organization Name,
LTER_2008,EML,00145-metadata.xml,Organization Name,
LTER_2008,EML,00145-metadata.xml,Originating Organization,
LTER_2008,EML,00145-metadata.xml,Place Keyword,
LTER_2008,EML,00145-metadata.xml,Place Keyword,
LTER_2008,EML,00145-metadata.xml,Place Keyword,
LTER_2008,EML,00145-metadata.xml,Place Keyword,
LTER_2008,EML,00145-metadata.xml,Place Keyword,
LTER_2008,EML,00145-metadata.xml,Place Keyword,
LTER_2008,EML,00145-metadata.xml,Place Keyword,
LTER_2008,EML,00145-metadata.xml,Place Keyword,
LTER_2008,EML,00145-metadata.xml,Place Keyword,
LTER_2008,EML,00145-metadata.xml,Place Keyword,
LTER_2008,EML,00145-metadata.xml,Process Step,
LTER_2008,EML,00145-metadata.xml,Project Description,
LTER_2008,EML,00145-metadata.xml,Project Name,
LTER_2008,EML,00145-metadata.xml,Project Name,
LTER_2008,EML,00145-metadata.xml,Publication Date,
LTER_2008,EML,00145-metadata.xml,Publisher,
LTER_2008,EML,00145-metadata.xml,Related Resource Citation,
LTER_2008,EML,00145-metadata.xml,Resource Access Constraints,
LTER_2008,EML,00145-metadata.xml,Resource Contact,
LTER_2008,EML,00145-metadata.xml,Resource Distribution,
LTER_2008,EML,00145-metadata.xml,Resource Format,
LTER_2008,EML,00145-metadata.xml,Resource Format,
LTER_2008,EML,00145-metadata.xml,Resource Identifier,
LTER_2008,EML,00145-metadata.xml,Resource Identifier Type,
LTER_2008,EML,00145-metadata.xml,Resource Lineage,
LTER_2008,EML,00145-metadata.xml,Resource Long Name,
LTER_2008,EML,00145-metadata.xml,Resource Status,
LTER_2008,EML,00145-metadata.xml,Resource Title,
LTER_2008,EML,00145-metadata.xml,Resource Use Constraints,
LTER_2008,EML,00145-metadata.xml,Resource on-line Link,
LTER_2008,EML,00145-metadata.xml,Rights,
LTER_2008,EML,00145-metadata.xml,Security Constraints,
LTER_2008,EML,00145-metadata.xml,Southernmost Latitude,
LTER_2008,EML,00145-metadata.xml,Southernmost Latitude,
LTER_2008,EML,00145-metadata.xml,Southernmost Latitude,
LTER_2008,EML,00145-metadata.xml,Southernmost Latitude,
LTER_2008,EML,00145-metadata.xml,Southernmost Latitude,
LTER_2008,EML,00145-metadata.xml,Southernmost Latitude,
LTER_2008,EML,00145-metadata.xml,Southernmost Latitude,
LTER_2008,EML,00145-metadata.xml,Southernmost Latitude,
LTER_2008,EML,00145-metadata.xml,Southernmost Latitude,
LTER_2008,EML,00145-metadata.xml,Southernmost Latitude,
LTER_2008,EML,00145-metadata.xml,Spatial Extent,
LTER_2008,EML,00145-metadata.xml,Spatial Extent,
LTER_2008,EML,00145-metadata.xml,Spatial Extent,
LTER_2008,EML,00145-metadata.xml,Spatial Extent,
LTER_2008,EML,00145-metadata.xml,Spatial Extent,
LTER_2008,EML,00145-metadata.xml,Spatial Extent,
LTER_2008,EML,00145-metadata.xml,Spatial Extent,
LTER_2008,EML,00145-metadata.xml,Spatial Extent,
LTER_2008,EML,00145-metadata.xml,Spatial Extent,
LTER_2008,EML,00145-metadata.xml,Spatial Extent,
LTER_2008,EML,00145-metadata.xml,Start Time,
LTER_2008,EML,00145-metadata.xml,Temporal Extent,
LTER_2008,EML,00145-metadata.xml,Theme Keyword,
LTER_2008,EML,00145-metadata.xml,Theme Keyword,
LTER_2008,EML,00145-metadata.xml,Theme Keyword,
LTER_2008,EML,00145-metadata.xml,Theme Keyword,
LTER_2008,EML,00145-metadata.xml,Theme Keyword,
LTER_2008,EML,00145-metadata.xml,Theme Keyword,
LTER_2008,EML,00145-metadata.xml,Theme Keyword,
LTER_2008,EML,00145-metadata.xml,Theme Keyword,
LTER_2008,EML,00145-metadata.xml,Theme Keyword,
LTER_2008,EML,00145-metadata.xml,Theme Keyword,
LTER_2008,EML,00145-metadata.xml,Theme Keyword,
LTER_2008,EML,00145-metadata.xml,Theme Keyword,
LTER_2008,EML,00145-metadata.xml,Theme Keyword,
LTER_2008,EML,00145-metadata.xml,Theme Keyword,
LTER_2008,EML,00145-metadata.xml,Theme Keyword,
LTER_2008,EML,00145-metadata.xml,Theme Keyword,
LTER_2008,EML,00145-metadata.xml,Theme Keyword,
LTER_2008,EML,00145-metadata.xml,Theme Keyword,
LTER_2008,EML,00145-metadata.xml,Theme Keyword,
LTER_2008,EML,00145-metadata.xml,Theme Keyword,
LTER_2008,EML,00145-metadata.xml,Theme Keyword,
LTER_2008,EML,00145-metadata.xml,Theme Keyword,
LTER_2008,EML,00145-metadata.xml,Theme Keyword,
LTER_2008,EML,00145-metadata.xml,Theme Keyword,
LTER_2008,EML,00145-metadata.xml,Theme Keyword,
LTER_2008,EML,00145-metadata.xml,Theme Keyword,
LTER_2008,EML,00145-metadata.xml,Theme Keyword,
LTER_2008,EML,00145-metadata.xml,Theme Keyword,
LTER_2008,EML,00145-metadata.xml,Theme Keyword,
LTER_2008,EML,00145-metadata.xml,Theme Keyword,
LTER_2008,EML,00145-metadata.xml,Theme Keyword,
LTER_2008,EML,00145-metadata.xml,Theme Keyword,
LTER_2008,EML,00145-metadata.xml,Theme Keyword,
LTER_2008,EML,00145-metadata.xml,Theme Keyword,
LTER_2008,EML,00145-metadata.xml,Theme Keyword,
LTER_2008,EML,00145-metadata.xml,Westernmost Longitude,
LTER_2008,EML,00145-metadata.xml,Westernmost Longitude,
LTER_2008,EML,00145-metadata.xml,Westernmost Longitude,
LTER_2008,EML,00145-metadata.xml,Westernmost Longitude,
LTER_2008,EML,00145-metadata.xml,Westernmost Longitude,
LTER_2008,EML,00145-metadata.xml,Westernmost Longitude,
LTER_2008,EML,00145-metadata.xml,Westernmost Longitude,
LTER_2008,EML,00145-metadata.xml,Westernmost Longitude,
LTER_2008,EML,00145-metadata.xml,Westernmost Longitude,
LTER_2008,EML,00145-metadata.xml,Westernmost Longitude,
LTER_2008,EML,00147-metadata.xml,Resource Quality Description,
LTER_2008,EML,00151-metadata.xml,Resource Quality Description,
LTER_2008,EML,00153-metadata.xml,Resource Quality Description,
LTER_2008,EML,00154-metadata.xml,Resource Quality Description,
LTER_2008,EML,00156-metadata.xml,Resource Quality Description,
LTER_2008,EML,00164-metadata.xml,Resource Quality Description,
LTER_2008,EML,00166-metadata.xml,Resource Quality Description,
LTER_2008,EML,00167-metadata.xml,Resource Quality Description,
LTER_2008,EML,00168-metadata.xml,Resource Quality Description,
LTER_2008,EML,00171-metadata.xml,Resource Quality Description,
LTER_2008,EML,00180-metadata.xml,Resource Quality Description,
LTER_2008,EML,00182-metadata.xml,Resource Quality Description,
LTER_2008,EML,00183-metadata.xml,Resource Quality Description,
LTER_2008,EML,00186-metadata.xml,Resource Quality Description,
LTER_2008,EML,00196-metadata.xml,Resource Quality Description,
LTER_2008,EML,00209-metadata.xml,Resource Quality Description,
LTER_2008,EML,00210-metadata.xml,Resource Quality Description,
LTER_2008,EML,00212-metadata.xml,Resource Quality Description,
LTER_2008,EML,00214-metadata.xml,Resource Quality Description,
LTER_2008,EML,00216-metadata.xml,Resource Quality Description,
LTER_2008,EML,00220-metadata.xml,Resource Quality Description,
LTER_2008,EML,00223-metadata.xml,Resource Quality Description,
LTER_2008,EML,00228-metadata.xml,Resource Quality Description,
LTER_2008,EML,00234-metadata.xml,Resource Quality Description,
LTER_2008,EML,00235-metadata.xml,Resource Quality Description,
LTER_2008,EML,00242-metadata.xml,Resource Quality Description,
LTER_2008,EML,00248-metadata.xml,Resource Quality Description,
LTER_2008,EML,00249-metadata.xml,Resource Quality Description,
