GHRC,DIF-10,C1274912.xml,Abstract,
GHRC,DIF-10,C1274912.xml,Award Link,
GHRC,DIF-10,C1274912.xml,Award Link,
GHRC,DIF-10,C1274912.xml,Award Link,
GHRC,DIF-10,C1274912.xml,Award Link,
GHRC,DIF-10,C1274912.xml,Bounding Box,
GHRC,DIF-10,C1274912.xml,Bounding Box,
GHRC,DIF-10,C1274912.xml,Bounding Box,
GHRC,DIF-10,C1274912.xml,Bounding Box,
GHRC,DIF-10,C1274912.xml,Bounding Box,
GHRC,DIF-10,C1274912.xml,Bounding Box,
GHRC,DIF-10,C1274912.xml,Bounding Box,
GHRC,DIF-10,C1274912.xml,Bounding Box,
GHRC,DIF-10,C1274912.xml,Data Dates,
GHRC,DIF-10,C1274912.xml,Data Dates,
GHRC,DIF-10,C1274912.xml,Instrument,
GHRC,DIF-10,C1274912.xml,Instrument,
GHRC,DIF-10,C1274912.xml,Instrument,
GHRC,DIF-10,C1274912.xml,Instrument,
GHRC,DIF-10,C1274912.xml,Instrument,
GHRC,DIF-10,C1274912.xml,Instrument,
GHRC,DIF-10,C1274912.xml,Instrument,
GHRC,DIF-10,C1274912.xml,Instrument,
GHRC,DIF-10,C1274912.xml,Instrument,
GHRC,DIF-10,C1274912.xml,Instrument Keyword,
GHRC,DIF-10,C1274912.xml,Instrument Keyword,
GHRC,DIF-10,C1274912.xml,Instrument Keyword,
GHRC,DIF-10,C1274912.xml,Instrument Keyword,
GHRC,DIF-10,C1274912.xml,Instrument Keyword,
GHRC,DIF-10,C1274912.xml,Instrument Keyword,
GHRC,DIF-10,C1274912.xml,Instrument Keyword,
GHRC,DIF-10,C1274912.xml,Instrument Keyword,
GHRC,DIF-10,C1274912.xml,Instrument Keyword,
GHRC,DIF-10,C1274912.xml,Instrument Short Name,
GHRC,DIF-10,C1274912.xml,Instrument Short Name,
GHRC,DIF-10,C1274912.xml,Instrument Short Name,
GHRC,DIF-10,C1274912.xml,Instrument Short Name,
GHRC,DIF-10,C1274912.xml,Instrument Short Name,
GHRC,DIF-10,C1274912.xml,Instrument Short Name,
GHRC,DIF-10,C1274912.xml,Instrument Short Name,
GHRC,DIF-10,C1274912.xml,Instrument Short Name,
GHRC,DIF-10,C1274912.xml,Instrument Short Name,
GHRC,DIF-10,C1274912.xml,Keyword,
GHRC,DIF-10,C1274912.xml,Keyword,
GHRC,DIF-10,C1274912.xml,Keyword,
GHRC,DIF-10,C1274912.xml,Keyword,
GHRC,DIF-10,C1274912.xml,Keyword,
GHRC,DIF-10,C1274912.xml,Keyword,
GHRC,DIF-10,C1274912.xml,Keyword,
GHRC,DIF-10,C1274912.xml,Keyword,
GHRC,DIF-10,C1274912.xml,Keyword,
GHRC,DIF-10,C1274912.xml,Keyword,
GHRC,DIF-10,C1274912.xml,Keyword,
GHRC,DIF-10,C1274912.xml,Keyword,
GHRC,DIF-10,C1274912.xml,Keyword,
GHRC,DIF-10,C1274912.xml,Keyword,
GHRC,DIF-10,C1274912.xml,Keyword,
GHRC,DIF-10,C1274912.xml,Keyword,
GHRC,DIF-10,C1274912.xml,Keyword,
GHRC,DIF-10,C1274912.xml,Keyword,
GHRC,DIF-10,C1274912.xml,Keyword,
GHRC,DIF-10,C1274912.xml,Keyword,
GHRC,DIF-10,C1274912.xml,Keyword,
GHRC,DIF-10,C1274912.xml,Keyword,
GHRC,DIF-10,C1274912.xml,Keyword,
GHRC,DIF-10,C1274912.xml,Keyword,
GHRC,DIF-10,C1274912.xml,Keyword,
GHRC,DIF-10,C1274912.xml,Keyword,
GHRC,DIF-10,C1274912.xml,Keyword,
GHRC,DIF-10,C1274912.xml,Keyword,
GHRC,DIF-10,C1274912.xml,Keyword,
GHRC,DIF-10,C1274912.xml,Keyword,
GHRC,DIF-10,C1274912.xml,Keyword,
GHRC,DIF-10,C1274912.xml,Metadata Dates,
GHRC,DIF-10,C1274912.xml,Metadata Dates,
GHRC,DIF-10,C1274912.xml,Metadata Identifier,
GHRC,DIF-10,C1274912.xml,Metadata Modified Date,
GHRC,DIF-10,C1274912.xml,Metadata Modified Date,
GHRC,DIF-10,C1274912.xml,Metadata Standard Citation,
GHRC,DIF-10,C1274912.xml,Metadata Standard Version,
GHRC,DIF-10,C1274912.xml,Online Resource Name/Title,
GHRC,DIF-10,C1274912.xml,Party,
GHRC,DIF-10,C1274912.xml,Party,
GHRC,DIF-10,C1274912.xml,Party,
GHRC,DIF-10,C1274912.xml,Platform,
GHRC,DIF-10,C1274912.xml,Platform,
GHRC,DIF-10,C1274912.xml,Platform,
GHRC,DIF-10,C1274912.xml,Platform,
GHRC,DIF-10,C1274912.xml,Platform,
GHRC,DIF-10,C1274912.xml,Platform,
GHRC,DIF-10,C1274912.xml,Platform,
GHRC,DIF-10,C1274912.xml,Platform,
GHRC,DIF-10,C1274912.xml,Platform,
GHRC,DIF-10,C1274912.xml,Platform,
GHRC,DIF-10,C1274912.xml,Platform,
GHRC,DIF-10,C1274912.xml,Platform,
GHRC,DIF-10,C1274912.xml,Platform,
GHRC,DIF-10,C1274912.xml,Platform,
GHRC,DIF-10,C1274912.xml,Platform,
GHRC,DIF-10,C1274912.xml,Platform,
GHRC,DIF-10,C1274912.xml,Platform,
GHRC,DIF-10,C1274912.xml,Platform,
GHRC,DIF-10,C1274912.xml,Platform,
GHRC,DIF-10,C1274912.xml,Platform,
GHRC,DIF-10,C1274912.xml,Platform,
GHRC,DIF-10,C1274912.xml,Platform,
GHRC,DIF-10,C1274912.xml,Platform,
GHRC,DIF-10,C1274912.xml,Platform,
GHRC,DIF-10,C1274912.xml,Platform,
GHRC,DIF-10,C1274912.xml,Platform,
GHRC,DIF-10,C1274912.xml,Platform,
GHRC,DIF-10,C1274912.xml,Platform,
GHRC,DIF-10,C1274912.xml,Platform,
GHRC,DIF-10,C1274912.xml,Platform,
GHRC,DIF-10,C1274912.xml,Platform,
GHRC,DIF-10,C1274912.xml,Platform,
GHRC,DIF-10,C1274912.xml,Platform,
GHRC,DIF-10,C1274912.xml,Platform,
GHRC,DIF-10,C1274912.xml,Platform,
GHRC,DIF-10,C1274912.xml,Platform,
GHRC,DIF-10,C1274912.xml,Platform,
GHRC,DIF-10,C1274912.xml,Platform,
GHRC,DIF-10,C1274912.xml,Platform,
GHRC,DIF-10,C1274912.xml,Platform,
GHRC,DIF-10,C1274912.xml,Platform,
GHRC,DIF-10,C1274912.xml,Platform,
GHRC,DIF-10,C1274912.xml,Platform,
GHRC,DIF-10,C1274912.xml,Platform,
GHRC,DIF-10,C1274912.xml,Platform,
GHRC,DIF-10,C1274912.xml,Platform,
GHRC,DIF-10,C1274912.xml,Platform,
GHRC,DIF-10,C1274912.xml,Platform,
GHRC,DIF-10,C1274912.xml,Platform,
GHRC,DIF-10,C1274912.xml,Platform,
GHRC,DIF-10,C1274912.xml,Platform,
GHRC,DIF-10,C1274912.xml,Platform,
GHRC,DIF-10,C1274912.xml,Platform,
GHRC,DIF-10,C1274912.xml,Platform,
GHRC,DIF-10,C1274912.xml,Platform,
GHRC,DIF-10,C1274912.xml,Platform,
GHRC,DIF-10,C1274912.xml,Platform,
GHRC,DIF-10,C1274912.xml,Platform,
GHRC,DIF-10,C1274912.xml,Platform,
GHRC,DIF-10,C1274912.xml,Platform,
GHRC,DIF-10,C1274912.xml,Platform,
GHRC,DIF-10,C1274912.xml,Platform,
GHRC,DIF-10,C1274912.xml,Platform,
GHRC,DIF-10,C1274912.xml,Platform Keyword,
GHRC,DIF-10,C1274912.xml,Platform Keyword,
GHRC,DIF-10,C1274912.xml,Platform Keyword,
GHRC,DIF-10,C1274912.xml,Platform Keyword,
GHRC,DIF-10,C1274912.xml,Platform Keyword,
GHRC,DIF-10,C1274912.xml,Platform Keyword,
GHRC,DIF-10,C1274912.xml,Platform Keyword,
GHRC,DIF-10,C1274912.xml,Platform Keyword,
GHRC,DIF-10,C1274912.xml,Platform Keyword,
GHRC,DIF-10,C1274912.xml,Platform Keyword,
GHRC,DIF-10,C1274912.xml,Platform Keyword,
GHRC,DIF-10,C1274912.xml,Platform Keyword,
GHRC,DIF-10,C1274912.xml,Platform Keyword,
GHRC,DIF-10,C1274912.xml,Platform Keyword,
GHRC,DIF-10,C1274912.xml,Platform Keyword,
GHRC,DIF-10,C1274912.xml,Platform Keyword,
GHRC,DIF-10,C1274912.xml,Platform Keyword,
GHRC,DIF-10,C1274912.xml,Platform Keyword,
GHRC,DIF-10,C1274912.xml,Platform Long Name,
GHRC,DIF-10,C1274912.xml,Platform Long Name,
GHRC,DIF-10,C1274912.xml,Platform Long Name,
GHRC,DIF-10,C1274912.xml,Platform Long Name,
GHRC,DIF-10,C1274912.xml,Platform Long Name,
GHRC,DIF-10,C1274912.xml,Platform Long Name,
GHRC,DIF-10,C1274912.xml,Platform Long Name,
GHRC,DIF-10,C1274912.xml,Platform Long Name,
GHRC,DIF-10,C1274912.xml,Platform Long Name,
GHRC,DIF-10,C1274912.xml,Platform Short Name,
GHRC,DIF-10,C1274912.xml,Platform Short Name,
GHRC,DIF-10,C1274912.xml,Platform Short Name,
GHRC,DIF-10,C1274912.xml,Platform Short Name,
GHRC,DIF-10,C1274912.xml,Platform Short Name,
GHRC,DIF-10,C1274912.xml,Platform Short Name,
GHRC,DIF-10,C1274912.xml,Platform Short Name,
GHRC,DIF-10,C1274912.xml,Platform Short Name,
GHRC,DIF-10,C1274912.xml,Platform Short Name,
GHRC,DIF-10,C1274912.xml,Product Link,
GHRC,DIF-10,C1274912.xml,Product Link,
GHRC,DIF-10,C1274912.xml,Product Link,
GHRC,DIF-10,C1274912.xml,Product Link,
GHRC,DIF-10,C1274912.xml,Project Name,
GHRC,DIF-10,C1274912.xml,Project Website Link,
GHRC,DIF-10,C1274912.xml,Project Website Link,
GHRC,DIF-10,C1274912.xml,Project Website Link,
GHRC,DIF-10,C1274912.xml,Project Website Link,
GHRC,DIF-10,C1274912.xml,Purpose,
GHRC,DIF-10,C1274912.xml,Quality Statement,
GHRC,DIF-10,C1274912.xml,Related URL,
GHRC,DIF-10,C1274912.xml,Related URL,
GHRC,DIF-10,C1274912.xml,Related URL,
GHRC,DIF-10,C1274912.xml,Related URL,
GHRC,DIF-10,C1274912.xml,Resource Creation Date,
GHRC,DIF-10,C1274912.xml,Resource Creation Date,
GHRC,DIF-10,C1274912.xml,Resource Identifier,
GHRC,DIF-10,C1274912.xml,Resource Revision Date,
GHRC,DIF-10,C1274912.xml,Resource Title,
GHRC,DIF-10,C1274912.xml,Resource Use Constraints,
GHRC,DIF-10,C1274912.xml,Resource Version,
GHRC,DIF-10,C1274912.xml,Resource on-line Link,
GHRC,DIF-10,C1274912.xml,Resource on-line Link,
GHRC,DIF-10,C1274912.xml,Resource on-line Link,
GHRC,DIF-10,C1274912.xml,Resource on-line Link,
GHRC,DIF-10,C1274912.xml,Resource on-line Link,
GHRC,DIF-10,C1274912.xml,Resource on-line Link,
GHRC,DIF-10,C1274912.xml,Resource on-line Link,
GHRC,DIF-10,C1274912.xml,Resource on-line Link,
GHRC,DIF-10,C1274912.xml,Resource on-line Link,
GHRC,DIF-10,C1274912.xml,Resource on-line Link,
GHRC,DIF-10,C1274912.xml,Resource on-line Link,
GHRC,DIF-10,C1274912.xml,Resource on-line Link,
GHRC,DIF-10,C1274912.xml,Resource on-line Link,
GHRC,DIF-10,C1274912.xml,Responsibility,
GHRC,DIF-10,C1274912.xml,Responsibility,
GHRC,DIF-10,C1274912.xml,Responsibility,
GHRC,DIF-10,C1274912.xml,Responsibility,
GHRC,DIF-10,C1274912.xml,Responsibility,
GHRC,DIF-10,C1274912.xml,Responsibility,
GHRC,DIF-10,C1274912.xml,Responsibility,
GHRC,DIF-10,C1274912.xml,Responsibility,
GHRC,DIF-10,C1274912.xml,Responsibility,
GHRC,DIF-10,C1274912.xml,Responsibility,
GHRC,DIF-10,C1274912.xml,Responsibility,
GHRC,DIF-10,C1274912.xml,Responsibility,
GHRC,DIF-10,C1274912.xml,Role,
GHRC,DIF-10,C1274912.xml,Security Constraints,
GHRC,DIF-10,C1274912.xml,Sensor Short Name,
GHRC,DIF-10,C1274912.xml,Sensor Short Name,
GHRC,DIF-10,C1274912.xml,Sensor Short Name,
GHRC,DIF-10,C1274912.xml,Sensor Short Name,
GHRC,DIF-10,C1274912.xml,Sensor Short Name,
GHRC,DIF-10,C1274912.xml,Sensor Short Name,
GHRC,DIF-10,C1274912.xml,Sensor Short Name,
GHRC,DIF-10,C1274912.xml,Sensor Short Name,
GHRC,DIF-10,C1274912.xml,Sensor Short Name,
GHRC,DIF-10,C1274912.xml,Spatial Extent,
GHRC,DIF-10,C1274912.xml,Spatial Extent,
GHRC,DIF-10,C1274912.xml,Spatial Extent,
GHRC,DIF-10,C1274912.xml,Spatial Extent,
GHRC,DIF-10,C1274912.xml,Spatial Extent,
GHRC,DIF-10,C1274912.xml,Spatial Extent,
GHRC,DIF-10,C1274912.xml,Temporal Extent,
GHRC,DIF-10,C1274912.xml,Temporal Extent,
GHRC,DIF-10,C1274912.xml,Theme Keyword,
GHRC,DIF-10,C1490.xml,Abstract,
GHRC,DIF-10,C1490.xml,Award Link,
GHRC,DIF-10,C1490.xml,Award Link,
GHRC,DIF-10,C1490.xml,Award Link,
GHRC,DIF-10,C1490.xml,Award Link,
GHRC,DIF-10,C1490.xml,Award Link,
GHRC,DIF-10,C1490.xml,Award Link,
GHRC,DIF-10,C1490.xml,Bounding Box,
GHRC,DIF-10,C1490.xml,Bounding Box,
GHRC,DIF-10,C1490.xml,Bounding Box,
GHRC,DIF-10,C1490.xml,Bounding Box,
GHRC,DIF-10,C1490.xml,Bounding Box,
GHRC,DIF-10,C1490.xml,Bounding Box,
GHRC,DIF-10,C1490.xml,Bounding Box,
GHRC,DIF-10,C1490.xml,Bounding Box,
GHRC,DIF-10,C1490.xml,Data Dates,
GHRC,DIF-10,C1490.xml,Data Dates,
GHRC,DIF-10,C1490.xml,Instrument,
GHRC,DIF-10,C1490.xml,Instrument,
GHRC,DIF-10,C1490.xml,Instrument Keyword,
GHRC,DIF-10,C1490.xml,Instrument Keyword,
GHRC,DIF-10,C1490.xml,Instrument Short Name,
GHRC,DIF-10,C1490.xml,Instrument Short Name,
GHRC,DIF-10,C1490.xml,Keyword,
GHRC,DIF-10,C1490.xml,Keyword,
GHRC,DIF-10,C1490.xml,Keyword,
GHRC,DIF-10,C1490.xml,Keyword,
GHRC,DIF-10,C1490.xml,Keyword,
GHRC,DIF-10,C1490.xml,Keyword,
GHRC,DIF-10,C1490.xml,Keyword,
GHRC,DIF-10,C1490.xml,Keyword,
GHRC,DIF-10,C1490.xml,Keyword,
GHRC,DIF-10,C1490.xml,Keyword,
GHRC,DIF-10,C1490.xml,Keyword,
GHRC,DIF-10,C1490.xml,Keyword,
GHRC,DIF-10,C1490.xml,Keyword,
GHRC,DIF-10,C1490.xml,Keyword,
GHRC,DIF-10,C1490.xml,Keyword,
GHRC,DIF-10,C1490.xml,Keyword,
GHRC,DIF-10,C1490.xml,Keyword,
GHRC,DIF-10,C1490.xml,Keyword,
GHRC,DIF-10,C1490.xml,Metadata Dates,
GHRC,DIF-10,C1490.xml,Metadata Dates,
GHRC,DIF-10,C1490.xml,Metadata Identifier,
GHRC,DIF-10,C1490.xml,Metadata Modified Date,
GHRC,DIF-10,C1490.xml,Metadata Modified Date,
GHRC,DIF-10,C1490.xml,Metadata Standard Citation,
GHRC,DIF-10,C1490.xml,Metadata Standard Version,
GHRC,DIF-10,C1490.xml,Online Resource Name/Title,
GHRC,DIF-10,C1490.xml,Party,
GHRC,DIF-10,C1490.xml,Party,
GHRC,DIF-10,C1490.xml,Party,
GHRC,DIF-10,C1490.xml,Platform,
GHRC,DIF-10,C1490.xml,Platform,
GHRC,DIF-10,C1490.xml,Platform,
GHRC,DIF-10,C1490.xml,Platform,
GHRC,DIF-10,C1490.xml,Platform,
GHRC,DIF-10,C1490.xml,Platform,
GHRC,DIF-10,C1490.xml,Platform,
GHRC,DIF-10,C1490.xml,Platform,
GHRC,DIF-10,C1490.xml,Platform,
GHRC,DIF-10,C1490.xml,Platform,
GHRC,DIF-10,C1490.xml,Platform,
GHRC,DIF-10,C1490.xml,Platform,
GHRC,DIF-10,C1490.xml,Platform,
GHRC,DIF-10,C1490.xml,Platform,
GHRC,DIF-10,C1490.xml,Platform Keyword,
GHRC,DIF-10,C1490.xml,Platform Keyword,
GHRC,DIF-10,C1490.xml,Platform Keyword,
GHRC,DIF-10,C1490.xml,Platform Keyword,
GHRC,DIF-10,C1490.xml,Platform Long Name,
GHRC,DIF-10,C1490.xml,Platform Long Name,
GHRC,DIF-10,C1490.xml,Platform Short Name,
GHRC,DIF-10,C1490.xml,Platform Short Name,
GHRC,DIF-10,C1490.xml,Product Link,
GHRC,DIF-10,C1490.xml,Product Link,
GHRC,DIF-10,C1490.xml,Product Link,
GHRC,DIF-10,C1490.xml,Product Link,
GHRC,DIF-10,C1490.xml,Product Link,
GHRC,DIF-10,C1490.xml,Product Link,
GHRC,DIF-10,C1490.xml,Project Name,
GHRC,DIF-10,C1490.xml,Project Website Link,
GHRC,DIF-10,C1490.xml,Project Website Link,
GHRC,DIF-10,C1490.xml,Project Website Link,
GHRC,DIF-10,C1490.xml,Project Website Link,
GHRC,DIF-10,C1490.xml,Project Website Link,
GHRC,DIF-10,C1490.xml,Project Website Link,
GHRC,DIF-10,C1490.xml,Purpose,
GHRC,DIF-10,C1490.xml,Quality Statement,
GHRC,DIF-10,C1490.xml,Related URL,
GHRC,DIF-10,C1490.xml,Related URL,
GHRC,DIF-10,C1490.xml,Related URL,
GHRC,DIF-10,C1490.xml,Related URL,
GHRC,DIF-10,C1490.xml,Related URL,
GHRC,DIF-10,C1490.xml,Related URL,
GHRC,DIF-10,C1490.xml,Resource Creation Date,
GHRC,DIF-10,C1490.xml,Resource Creation Date,
GHRC,DIF-10,C1490.xml,Resource Identifier,
GHRC,DIF-10,C1490.xml,Resource Revision Date,
GHRC,DIF-10,C1490.xml,Resource Title,
GHRC,DIF-10,C1490.xml,Resource Use Constraints,
GHRC,DIF-10,C1490.xml,Resource Version,
GHRC,DIF-10,C1490.xml,Resource on-line Link,
GHRC,DIF-10,C1490.xml,Resource on-line Link,
GHRC,DIF-10,C1490.xml,Resource on-line Link,
GHRC,DIF-10,C1490.xml,Resource on-line Link,
GHRC,DIF-10,C1490.xml,Resource on-line Link,
GHRC,DIF-10,C1490.xml,Resource on-line Link,
GHRC,DIF-10,C1490.xml,Resource on-line Link,
GHRC,DIF-10,C1490.xml,Resource on-line Link,
GHRC,DIF-10,C1490.xml,Resource on-line Link,
GHRC,DIF-10,C1490.xml,Resource on-line Link,
GHRC,DIF-10,C1490.xml,Resource on-line Link,
GHRC,DIF-10,C1490.xml,Resource on-line Link,
GHRC,DIF-10,C1490.xml,Resource on-line Link,
GHRC,DIF-10,C1490.xml,Resource on-line Link,
GHRC,DIF-10,C1490.xml,Resource on-line Link,
GHRC,DIF-10,C1490.xml,Resource on-line Link,
GHRC,DIF-10,C1490.xml,Resource on-line Link,
GHRC,DIF-10,C1490.xml,Resource on-line Link,
GHRC,DIF-10,C1490.xml,Resource on-line Link,
GHRC,DIF-10,C1490.xml,Resource on-line Link,
GHRC,DIF-10,C1490.xml,Resource on-line Link,
GHRC,DIF-10,C1490.xml,Responsibility,
GHRC,DIF-10,C1490.xml,Responsibility,
GHRC,DIF-10,C1490.xml,Responsibility,
GHRC,DIF-10,C1490.xml,Responsibility,
GHRC,DIF-10,C1490.xml,Responsibility,
GHRC,DIF-10,C1490.xml,Responsibility,
GHRC,DIF-10,C1490.xml,Responsibility,
GHRC,DIF-10,C1490.xml,Responsibility,
GHRC,DIF-10,C1490.xml,Responsibility,
GHRC,DIF-10,C1490.xml,Responsibility,
GHRC,DIF-10,C1490.xml,Responsibility,
GHRC,DIF-10,C1490.xml,Responsibility,
GHRC,DIF-10,C1490.xml,Role,
GHRC,DIF-10,C1490.xml,Security Constraints,
GHRC,DIF-10,C1490.xml,Sensor Short Name,
GHRC,DIF-10,C1490.xml,Sensor Short Name,
GHRC,DIF-10,C1490.xml,Spatial Extent,
GHRC,DIF-10,C1490.xml,Spatial Extent,
GHRC,DIF-10,C1490.xml,Spatial Extent,
GHRC,DIF-10,C1490.xml,Spatial Extent,
GHRC,DIF-10,C1490.xml,Spatial Extent,
GHRC,DIF-10,C1490.xml,Spatial Extent,
GHRC,DIF-10,C1490.xml,Temporal Extent,
GHRC,DIF-10,C1490.xml,Temporal Extent,
GHRC,DIF-10,C1490.xml,Temporal Extent,
GHRC,DIF-10,C1490.xml,Theme Keyword,
GHRC,DIF-10,C1490.xml,Theme Keyword,
GHRC,DIF-10,C1490.xml,Theme Keyword,
GHRC,DIF-10,C1648353.xml,Abstract,
GHRC,DIF-10,C1648353.xml,Award Link,
GHRC,DIF-10,C1648353.xml,Award Link,
GHRC,DIF-10,C1648353.xml,Award Link,
GHRC,DIF-10,C1648353.xml,Award Link,
GHRC,DIF-10,C1648353.xml,Award Link,
GHRC,DIF-10,C1648353.xml,Award Link,
GHRC,DIF-10,C1648353.xml,Award Link,
GHRC,DIF-10,C1648353.xml,Bounding Box,
GHRC,DIF-10,C1648353.xml,Bounding Box,
GHRC,DIF-10,C1648353.xml,Bounding Box,
GHRC,DIF-10,C1648353.xml,Bounding Box,
GHRC,DIF-10,C1648353.xml,Bounding Box,
GHRC,DIF-10,C1648353.xml,Bounding Box,
GHRC,DIF-10,C1648353.xml,Bounding Box,
GHRC,DIF-10,C1648353.xml,Bounding Box,
GHRC,DIF-10,C1648353.xml,Data Dates,
GHRC,DIF-10,C1648353.xml,Data Dates,
GHRC,DIF-10,C1648353.xml,Instrument,
GHRC,DIF-10,C1648353.xml,Instrument Keyword,
GHRC,DIF-10,C1648353.xml,Instrument Short Name,
GHRC,DIF-10,C1648353.xml,Keyword,
GHRC,DIF-10,C1648353.xml,Keyword,
GHRC,DIF-10,C1648353.xml,Keyword,
GHRC,DIF-10,C1648353.xml,Keyword,
GHRC,DIF-10,C1648353.xml,Keyword,
GHRC,DIF-10,C1648353.xml,Keyword,
GHRC,DIF-10,C1648353.xml,Keyword,
GHRC,DIF-10,C1648353.xml,Keyword,
GHRC,DIF-10,C1648353.xml,Keyword,
GHRC,DIF-10,C1648353.xml,Keyword,
GHRC,DIF-10,C1648353.xml,Keyword,
GHRC,DIF-10,C1648353.xml,Metadata Dates,
GHRC,DIF-10,C1648353.xml,Metadata Dates,
GHRC,DIF-10,C1648353.xml,Metadata Identifier,
GHRC,DIF-10,C1648353.xml,Metadata Modified Date,
GHRC,DIF-10,C1648353.xml,Metadata Modified Date,
GHRC,DIF-10,C1648353.xml,Metadata Standard Citation,
GHRC,DIF-10,C1648353.xml,Metadata Standard Version,
GHRC,DIF-10,C1648353.xml,Online Resource Name/Title,
GHRC,DIF-10,C1648353.xml,Party,
GHRC,DIF-10,C1648353.xml,Party,
GHRC,DIF-10,C1648353.xml,Party,
GHRC,DIF-10,C1648353.xml,Platform,
GHRC,DIF-10,C1648353.xml,Platform,
GHRC,DIF-10,C1648353.xml,Platform,
GHRC,DIF-10,C1648353.xml,Platform,
GHRC,DIF-10,C1648353.xml,Platform,
GHRC,DIF-10,C1648353.xml,Platform,
GHRC,DIF-10,C1648353.xml,Platform,
GHRC,DIF-10,C1648353.xml,Platform Keyword,
GHRC,DIF-10,C1648353.xml,Platform Keyword,
GHRC,DIF-10,C1648353.xml,Platform Long Name,
GHRC,DIF-10,C1648353.xml,Platform Short Name,
GHRC,DIF-10,C1648353.xml,Product Link,
GHRC,DIF-10,C1648353.xml,Product Link,
GHRC,DIF-10,C1648353.xml,Product Link,
GHRC,DIF-10,C1648353.xml,Product Link,
GHRC,DIF-10,C1648353.xml,Product Link,
GHRC,DIF-10,C1648353.xml,Product Link,
GHRC,DIF-10,C1648353.xml,Product Link,
GHRC,DIF-10,C1648353.xml,Project Name,
GHRC,DIF-10,C1648353.xml,Project Website Link,
GHRC,DIF-10,C1648353.xml,Project Website Link,
GHRC,DIF-10,C1648353.xml,Project Website Link,
GHRC,DIF-10,C1648353.xml,Project Website Link,
GHRC,DIF-10,C1648353.xml,Project Website Link,
GHRC,DIF-10,C1648353.xml,Project Website Link,
GHRC,DIF-10,C1648353.xml,Project Website Link,
GHRC,DIF-10,C1648353.xml,Purpose,
GHRC,DIF-10,C1648353.xml,Quality Statement,
GHRC,DIF-10,C1648353.xml,Related URL,
GHRC,DIF-10,C1648353.xml,Related URL,
GHRC,DIF-10,C1648353.xml,Related URL,
GHRC,DIF-10,C1648353.xml,Related URL,
GHRC,DIF-10,C1648353.xml,Related URL,
GHRC,DIF-10,C1648353.xml,Related URL,
GHRC,DIF-10,C1648353.xml,Related URL,
GHRC,DIF-10,C1648353.xml,Resource Creation Date,
GHRC,DIF-10,C1648353.xml,Resource Creation Date,
GHRC,DIF-10,C1648353.xml,Resource Identifier,
GHRC,DIF-10,C1648353.xml,Resource Revision Date,
GHRC,DIF-10,C1648353.xml,Resource Title,
GHRC,DIF-10,C1648353.xml,Resource Use Constraints,
GHRC,DIF-10,C1648353.xml,Resource Version,
GHRC,DIF-10,C1648353.xml,Resource on-line Link,
GHRC,DIF-10,C1648353.xml,Resource on-line Link,
GHRC,DIF-10,C1648353.xml,Resource on-line Link,
GHRC,DIF-10,C1648353.xml,Resource on-line Link,
GHRC,DIF-10,C1648353.xml,Resource on-line Link,
GHRC,DIF-10,C1648353.xml,Resource on-line Link,
GHRC,DIF-10,C1648353.xml,Resource on-line Link,
GHRC,DIF-10,C1648353.xml,Resource on-line Link,
GHRC,DIF-10,C1648353.xml,Resource on-line Link,
GHRC,DIF-10,C1648353.xml,Resource on-line Link,
GHRC,DIF-10,C1648353.xml,Resource on-line Link,
GHRC,DIF-10,C1648353.xml,Resource on-line Link,
GHRC,DIF-10,C1648353.xml,Resource on-line Link,
GHRC,DIF-10,C1648353.xml,Resource on-line Link,
GHRC,DIF-10,C1648353.xml,Resource on-line Link,
GHRC,DIF-10,C1648353.xml,Resource on-line Link,
GHRC,DIF-10,C1648353.xml,Resource on-line Link,
GHRC,DIF-10,C1648353.xml,Resource on-line Link,
GHRC,DIF-10,C1648353.xml,Resource on-line Link,
GHRC,DIF-10,C1648353.xml,Resource on-line Link,
GHRC,DIF-10,C1648353.xml,Resource on-line Link,
GHRC,DIF-10,C1648353.xml,Resource on-line Link,
GHRC,DIF-10,C1648353.xml,Resource on-line Link,
GHRC,DIF-10,C1648353.xml,Resource on-line Link,
GHRC,DIF-10,C1648353.xml,Responsibility,
GHRC,DIF-10,C1648353.xml,Responsibility,
GHRC,DIF-10,C1648353.xml,Responsibility,
GHRC,DIF-10,C1648353.xml,Responsibility,
GHRC,DIF-10,C1648353.xml,Responsibility,
GHRC,DIF-10,C1648353.xml,Responsibility,
GHRC,DIF-10,C1648353.xml,Responsibility,
GHRC,DIF-10,C1648353.xml,Responsibility,
GHRC,DIF-10,C1648353.xml,Responsibility,
GHRC,DIF-10,C1648353.xml,Responsibility,
GHRC,DIF-10,C1648353.xml,Responsibility,
GHRC,DIF-10,C1648353.xml,Responsibility,
GHRC,DIF-10,C1648353.xml,Role,
GHRC,DIF-10,C1648353.xml,Security Constraints,
GHRC,DIF-10,C1648353.xml,Sensor Short Name,
GHRC,DIF-10,C1648353.xml,Spatial Extent,
GHRC,DIF-10,C1648353.xml,Spatial Extent,
GHRC,DIF-10,C1648353.xml,Spatial Extent,
GHRC,DIF-10,C1648353.xml,Spatial Extent,
GHRC,DIF-10,C1648353.xml,Spatial Extent,
GHRC,DIF-10,C1648353.xml,Spatial Extent,
GHRC,DIF-10,C1648353.xml,Temporal Extent,
GHRC,DIF-10,C1648353.xml,Temporal Extent,
GHRC,DIF-10,C1648353.xml,Temporal Extent,
GHRC,DIF-10,C1648353.xml,Theme Keyword,
GHRC,DIF-10,C1648353.xml,Theme Keyword,
GHRC,DIF-10,C321562.xml,Abstract,
GHRC,DIF-10,C321562.xml,Award Link,
GHRC,DIF-10,C321562.xml,Award Link,
GHRC,DIF-10,C321562.xml,Award Link,
GHRC,DIF-10,C321562.xml,Award Link,
GHRC,DIF-10,C321562.xml,Award Link,
GHRC,DIF-10,C321562.xml,Award Link,
GHRC,DIF-10,C321562.xml,Bounding Box,
GHRC,DIF-10,C321562.xml,Bounding Box,
GHRC,DIF-10,C321562.xml,Bounding Box,
GHRC,DIF-10,C321562.xml,Bounding Box,
GHRC,DIF-10,C321562.xml,Bounding Box,
GHRC,DIF-10,C321562.xml,Bounding Box,
GHRC,DIF-10,C321562.xml,Bounding Box,
GHRC,DIF-10,C321562.xml,Bounding Box,
GHRC,DIF-10,C321562.xml,Data Dates,
GHRC,DIF-10,C321562.xml,Data Dates,
GHRC,DIF-10,C321562.xml,Instrument,
GHRC,DIF-10,C321562.xml,Instrument,
GHRC,DIF-10,C321562.xml,Instrument,
GHRC,DIF-10,C321562.xml,Instrument Keyword,
GHRC,DIF-10,C321562.xml,Instrument Keyword,
GHRC,DIF-10,C321562.xml,Instrument Keyword,
GHRC,DIF-10,C321562.xml,Instrument Short Name,
GHRC,DIF-10,C321562.xml,Instrument Short Name,
GHRC,DIF-10,C321562.xml,Instrument Short Name,
GHRC,DIF-10,C321562.xml,Keyword,
GHRC,DIF-10,C321562.xml,Keyword,
GHRC,DIF-10,C321562.xml,Keyword,
GHRC,DIF-10,C321562.xml,Keyword,
GHRC,DIF-10,C321562.xml,Keyword,
GHRC,DIF-10,C321562.xml,Keyword,
GHRC,DIF-10,C321562.xml,Keyword,
GHRC,DIF-10,C321562.xml,Keyword,
GHRC,DIF-10,C321562.xml,Keyword,
GHRC,DIF-10,C321562.xml,Keyword,
GHRC,DIF-10,C321562.xml,Keyword,
GHRC,DIF-10,C321562.xml,Keyword,
GHRC,DIF-10,C321562.xml,Keyword,
GHRC,DIF-10,C321562.xml,Keyword,
GHRC,DIF-10,C321562.xml,Keyword,
GHRC,DIF-10,C321562.xml,Keyword,
GHRC,DIF-10,C321562.xml,Keyword,
GHRC,DIF-10,C321562.xml,Keyword,
GHRC,DIF-10,C321562.xml,Keyword,
GHRC,DIF-10,C321562.xml,Keyword,
GHRC,DIF-10,C321562.xml,Keyword,
GHRC,DIF-10,C321562.xml,Keyword,
GHRC,DIF-10,C321562.xml,Keyword,
GHRC,DIF-10,C321562.xml,Keyword,
GHRC,DIF-10,C321562.xml,Keyword,
GHRC,DIF-10,C321562.xml,Metadata Dates,
GHRC,DIF-10,C321562.xml,Metadata Dates,
GHRC,DIF-10,C321562.xml,Metadata Identifier,
GHRC,DIF-10,C321562.xml,Metadata Modified Date,
GHRC,DIF-10,C321562.xml,Metadata Modified Date,
GHRC,DIF-10,C321562.xml,Metadata Standard Citation,
GHRC,DIF-10,C321562.xml,Metadata Standard Version,
GHRC,DIF-10,C321562.xml,Online Resource Name/Title,
GHRC,DIF-10,C321562.xml,Party,
GHRC,DIF-10,C321562.xml,Party,
GHRC,DIF-10,C321562.xml,Party,
GHRC,DIF-10,C321562.xml,Platform,
GHRC,DIF-10,C321562.xml,Platform,
GHRC,DIF-10,C321562.xml,Platform,
GHRC,DIF-10,C321562.xml,Platform,
GHRC,DIF-10,C321562.xml,Platform,
GHRC,DIF-10,C321562.xml,Platform,
GHRC,DIF-10,C321562.xml,Platform,
GHRC,DIF-10,C321562.xml,Platform,
GHRC,DIF-10,C321562.xml,Platform,
GHRC,DIF-10,C321562.xml,Platform,
GHRC,DIF-10,C321562.xml,Platform,
GHRC,DIF-10,C321562.xml,Platform,
GHRC,DIF-10,C321562.xml,Platform,
GHRC,DIF-10,C321562.xml,Platform,
GHRC,DIF-10,C321562.xml,Platform,
GHRC,DIF-10,C321562.xml,Platform Keyword,
GHRC,DIF-10,C321562.xml,Platform Keyword,
GHRC,DIF-10,C321562.xml,Platform Long Name,
GHRC,DIF-10,C321562.xml,Platform Short Name,
GHRC,DIF-10,C321562.xml,Product Link,
GHRC,DIF-10,C321562.xml,Product Link,
GHRC,DIF-10,C321562.xml,Product Link,
GHRC,DIF-10,C321562.xml,Product Link,
GHRC,DIF-10,C321562.xml,Product Link,
GHRC,DIF-10,C321562.xml,Product Link,
GHRC,DIF-10,C321562.xml,Project Name,
GHRC,DIF-10,C321562.xml,Project Website Link,
GHRC,DIF-10,C321562.xml,Project Website Link,
GHRC,DIF-10,C321562.xml,Project Website Link,
GHRC,DIF-10,C321562.xml,Project Website Link,
GHRC,DIF-10,C321562.xml,Project Website Link,
GHRC,DIF-10,C321562.xml,Project Website Link,
GHRC,DIF-10,C321562.xml,Purpose,
GHRC,DIF-10,C321562.xml,Quality Statement,
GHRC,DIF-10,C321562.xml,Related URL,
GHRC,DIF-10,C321562.xml,Related URL,
GHRC,DIF-10,C321562.xml,Related URL,
GHRC,DIF-10,C321562.xml,Related URL,
GHRC,DIF-10,C321562.xml,Related URL,
GHRC,DIF-10,C321562.xml,Related URL,
GHRC,DIF-10,C321562.xml,Resource Creation Date,
GHRC,DIF-10,C321562.xml,Resource Creation Date,
GHRC,DIF-10,C321562.xml,Resource Identifier,
GHRC,DIF-10,C321562.xml,Resource Revision Date,
GHRC,DIF-10,C321562.xml,Resource Title,
GHRC,DIF-10,C321562.xml,Resource Use Constraints,
GHRC,DIF-10,C321562.xml,Resource Version,
GHRC,DIF-10,C321562.xml,Resource on-line Link,
GHRC,DIF-10,C321562.xml,Resource on-line Link,
GHRC,DIF-10,C321562.xml,Resource on-line Link,
GHRC,DIF-10,C321562.xml,Resource on-line Link,
GHRC,DIF-10,C321562.xml,Resource on-line Link,
GHRC,DIF-10,C321562.xml,Resource on-line Link,
GHRC,DIF-10,C321562.xml,Resource on-line Link,
GHRC,DIF-10,C321562.xml,Resource on-line Link,
GHRC,DIF-10,C321562.xml,Resource on-line Link,
GHRC,DIF-10,C321562.xml,Resource on-line Link,
GHRC,DIF-10,C321562.xml,Resource on-line Link,
GHRC,DIF-10,C321562.xml,Resource on-line Link,
GHRC,DIF-10,C321562.xml,Resource on-line Link,
GHRC,DIF-10,C321562.xml,Resource on-line Link,
GHRC,DIF-10,C321562.xml,Resource on-line Link,
GHRC,DIF-10,C321562.xml,Resource on-line Link,
GHRC,DIF-10,C321562.xml,Resource on-line Link,
GHRC,DIF-10,C321562.xml,Resource on-line Link,
GHRC,DIF-10,C321562.xml,Resource on-line Link,
GHRC,DIF-10,C321562.xml,Responsibility,
GHRC,DIF-10,C321562.xml,Responsibility,
GHRC,DIF-10,C321562.xml,Responsibility,
GHRC,DIF-10,C321562.xml,Responsibility,
GHRC,DIF-10,C321562.xml,Responsibility,
GHRC,DIF-10,C321562.xml,Responsibility,
GHRC,DIF-10,C321562.xml,Responsibility,
GHRC,DIF-10,C321562.xml,Responsibility,
GHRC,DIF-10,C321562.xml,Responsibility,
GHRC,DIF-10,C321562.xml,Responsibility,
GHRC,DIF-10,C321562.xml,Responsibility,
GHRC,DIF-10,C321562.xml,Responsibility,
GHRC,DIF-10,C321562.xml,Role,
GHRC,DIF-10,C321562.xml,Security Constraints,
GHRC,DIF-10,C321562.xml,Sensor Short Name,
GHRC,DIF-10,C321562.xml,Sensor Short Name,
GHRC,DIF-10,C321562.xml,Sensor Short Name,
GHRC,DIF-10,C321562.xml,Spatial Extent,
GHRC,DIF-10,C321562.xml,Spatial Extent,
GHRC,DIF-10,C321562.xml,Spatial Extent,
GHRC,DIF-10,C321562.xml,Spatial Extent,
GHRC,DIF-10,C321562.xml,Spatial Extent,
GHRC,DIF-10,C321562.xml,Spatial Extent,
GHRC,DIF-10,C321562.xml,Temporal Extent,
GHRC,DIF-10,C321562.xml,Temporal Extent,
GHRC,DIF-10,C321562.xml,Temporal Extent,
GHRC,DIF-10,C321562.xml,Theme Keyword,
GHRC,DIF-10,C321562.xml,Theme Keyword,
GHRC,DIF-10,C321562.xml,Theme Keyword,
GHRC,DIF-10,C321562.xml,Theme Keyword,
GHRC,DIF-10,C321562.xml,Theme Keyword,
GHRC,DIF-10,C321563.xml,Abstract,
GHRC,DIF-10,C321563.xml,Award Link,
GHRC,DIF-10,C321563.xml,Award Link,
GHRC,DIF-10,C321563.xml,Award Link,
GHRC,DIF-10,C321563.xml,Award Link,
GHRC,DIF-10,C321563.xml,Bounding Box,
GHRC,DIF-10,C321563.xml,Bounding Box,
GHRC,DIF-10,C321563.xml,Bounding Box,
GHRC,DIF-10,C321563.xml,Bounding Box,
GHRC,DIF-10,C321563.xml,Bounding Box,
GHRC,DIF-10,C321563.xml,Bounding Box,
GHRC,DIF-10,C321563.xml,Bounding Box,
GHRC,DIF-10,C321563.xml,Bounding Box,
GHRC,DIF-10,C321563.xml,Data Dates,
GHRC,DIF-10,C321563.xml,Data Dates,
GHRC,DIF-10,C321563.xml,Instrument,
GHRC,DIF-10,C321563.xml,Instrument,
GHRC,DIF-10,C321563.xml,Instrument Keyword,
GHRC,DIF-10,C321563.xml,Instrument Keyword,
GHRC,DIF-10,C321563.xml,Instrument Short Name,
GHRC,DIF-10,C321563.xml,Instrument Short Name,
GHRC,DIF-10,C321563.xml,Keyword,
GHRC,DIF-10,C321563.xml,Keyword,
GHRC,DIF-10,C321563.xml,Keyword,
GHRC,DIF-10,C321563.xml,Keyword,
GHRC,DIF-10,C321563.xml,Keyword,
GHRC,DIF-10,C321563.xml,Keyword,
GHRC,DIF-10,C321563.xml,Keyword,
GHRC,DIF-10,C321563.xml,Keyword,
GHRC,DIF-10,C321563.xml,Keyword,
GHRC,DIF-10,C321563.xml,Keyword,
GHRC,DIF-10,C321563.xml,Keyword,
GHRC,DIF-10,C321563.xml,Keyword,
GHRC,DIF-10,C321563.xml,Metadata Dates,
GHRC,DIF-10,C321563.xml,Metadata Dates,
GHRC,DIF-10,C321563.xml,Metadata Identifier,
GHRC,DIF-10,C321563.xml,Metadata Modified Date,
GHRC,DIF-10,C321563.xml,Metadata Modified Date,
GHRC,DIF-10,C321563.xml,Metadata Standard Citation,
GHRC,DIF-10,C321563.xml,Metadata Standard Version,
GHRC,DIF-10,C321563.xml,Online Resource Name/Title,
GHRC,DIF-10,C321563.xml,Party,
GHRC,DIF-10,C321563.xml,Party,
GHRC,DIF-10,C321563.xml,Party,
GHRC,DIF-10,C321563.xml,Platform,
GHRC,DIF-10,C321563.xml,Platform,
GHRC,DIF-10,C321563.xml,Platform,
GHRC,DIF-10,C321563.xml,Platform,
GHRC,DIF-10,C321563.xml,Platform,
GHRC,DIF-10,C321563.xml,Platform,
GHRC,DIF-10,C321563.xml,Platform,
GHRC,DIF-10,C321563.xml,Platform,
GHRC,DIF-10,C321563.xml,Platform,
GHRC,DIF-10,C321563.xml,Platform,
GHRC,DIF-10,C321563.xml,Platform,
GHRC,DIF-10,C321563.xml,Platform Keyword,
GHRC,DIF-10,C321563.xml,Platform Keyword,
GHRC,DIF-10,C321563.xml,Platform Long Name,
GHRC,DIF-10,C321563.xml,Platform Short Name,
GHRC,DIF-10,C321563.xml,Product Link,
GHRC,DIF-10,C321563.xml,Product Link,
GHRC,DIF-10,C321563.xml,Product Link,
GHRC,DIF-10,C321563.xml,Product Link,
GHRC,DIF-10,C321563.xml,Project Name,
GHRC,DIF-10,C321563.xml,Project Website Link,
GHRC,DIF-10,C321563.xml,Project Website Link,
GHRC,DIF-10,C321563.xml,Project Website Link,
GHRC,DIF-10,C321563.xml,Project Website Link,
GHRC,DIF-10,C321563.xml,Purpose,
GHRC,DIF-10,C321563.xml,Quality Statement,
GHRC,DIF-10,C321563.xml,Related URL,
GHRC,DIF-10,C321563.xml,Related URL,
GHRC,DIF-10,C321563.xml,Related URL,
GHRC,DIF-10,C321563.xml,Related URL,
GHRC,DIF-10,C321563.xml,Resource Creation Date,
GHRC,DIF-10,C321563.xml,Resource Creation Date,
GHRC,DIF-10,C321563.xml,Resource Identifier,
GHRC,DIF-10,C321563.xml,Resource Revision Date,
GHRC,DIF-10,C321563.xml,Resource Title,
GHRC,DIF-10,C321563.xml,Resource Use Constraints,
GHRC,DIF-10,C321563.xml,Resource Version,
GHRC,DIF-10,C321563.xml,Resource on-line Link,
GHRC,DIF-10,C321563.xml,Resource on-line Link,
GHRC,DIF-10,C321563.xml,Resource on-line Link,
GHRC,DIF-10,C321563.xml,Resource on-line Link,
GHRC,DIF-10,C321563.xml,Resource on-line Link,
GHRC,DIF-10,C321563.xml,Resource on-line Link,
GHRC,DIF-10,C321563.xml,Resource on-line Link,
GHRC,DIF-10,C321563.xml,Resource on-line Link,
GHRC,DIF-10,C321563.xml,Resource on-line Link,
GHRC,DIF-10,C321563.xml,Resource on-line Link,
GHRC,DIF-10,C321563.xml,Resource on-line Link,
GHRC,DIF-10,C321563.xml,Resource on-line Link,
GHRC,DIF-10,C321563.xml,Resource on-line Link,
GHRC,DIF-10,C321563.xml,Responsibility,
GHRC,DIF-10,C321563.xml,Responsibility,
GHRC,DIF-10,C321563.xml,Responsibility,
GHRC,DIF-10,C321563.xml,Responsibility,
GHRC,DIF-10,C321563.xml,Responsibility,
GHRC,DIF-10,C321563.xml,Responsibility,
GHRC,DIF-10,C321563.xml,Responsibility,
GHRC,DIF-10,C321563.xml,Responsibility,
GHRC,DIF-10,C321563.xml,Responsibility,
GHRC,DIF-10,C321563.xml,Responsibility,
GHRC,DIF-10,C321563.xml,Responsibility,
GHRC,DIF-10,C321563.xml,Responsibility,
GHRC,DIF-10,C321563.xml,Role,
GHRC,DIF-10,C321563.xml,Security Constraints,
GHRC,DIF-10,C321563.xml,Sensor Short Name,
GHRC,DIF-10,C321563.xml,Sensor Short Name,
GHRC,DIF-10,C321563.xml,Spatial Extent,
GHRC,DIF-10,C321563.xml,Spatial Extent,
GHRC,DIF-10,C321563.xml,Spatial Extent,
GHRC,DIF-10,C321563.xml,Spatial Extent,
GHRC,DIF-10,C321563.xml,Spatial Extent,
GHRC,DIF-10,C321563.xml,Spatial Extent,
GHRC,DIF-10,C321563.xml,Temporal Extent,
GHRC,DIF-10,C321563.xml,Temporal Extent,
GHRC,DIF-10,C321563.xml,Temporal Extent,
GHRC,DIF-10,C321563.xml,Theme Keyword,
GHRC,DIF-10,C321563.xml,Theme Keyword,
