Collection,FileName,Xpath
SEAD,02766-metadata.xml,/metadata/@xsi:noNamespaceSchemaLocation
SEAD,02766-metadata.xml,/metadata/idinfo/citation/citeinfo/origin
SEAD,02766-metadata.xml,/metadata/idinfo/citation/citeinfo/pubdate
SEAD,02766-metadata.xml,/metadata/idinfo/citation/citeinfo/title
SEAD,02766-metadata.xml,/metadata/idinfo/citation/citeinfo/onlink
SEAD,02766-metadata.xml,/metadata/idinfo/descript/abstract
SEAD,02766-metadata.xml,/metadata/idinfo/descript/purpose
SEAD,02766-metadata.xml,/metadata/idinfo/timeperd/timeinfo/rngdates/begdate
SEAD,02766-metadata.xml,/metadata/idinfo/timeperd/timeinfo/rngdates/enddate
SEAD,02766-metadata.xml,/metadata/idinfo/timeperd/current
SEAD,02766-metadata.xml,/metadata/idinfo/status/progress
SEAD,02766-metadata.xml,/metadata/idinfo/status/update
SEAD,02766-metadata.xml,/metadata/idinfo/spdom/bounding/westbc
SEAD,02766-metadata.xml,/metadata/idinfo/spdom/bounding/eastbc
SEAD,02766-metadata.xml,/metadata/idinfo/spdom/bounding/northbc
SEAD,02766-metadata.xml,/metadata/idinfo/spdom/bounding/southbc
SEAD,02766-metadata.xml,/metadata/idinfo/keywords/theme/themekt
SEAD,02766-metadata.xml,/metadata/idinfo/keywords/theme/themekey
SEAD,02766-metadata.xml,/metadata/idinfo/keywords/theme/themekey
SEAD,02766-metadata.xml,/metadata/idinfo/keywords/place/placekt
SEAD,02766-metadata.xml,/metadata/idinfo/keywords/place/placekey
SEAD,02766-metadata.xml,/metadata/idinfo/keywords/place/placekey
SEAD,02766-metadata.xml,/metadata/idinfo/keywords/place/placekey
SEAD,02766-metadata.xml,/metadata/idinfo/keywords/place/placekey
SEAD,02766-metadata.xml,/metadata/idinfo/keywords/temporal/tempkt
SEAD,02766-metadata.xml,/metadata/idinfo/keywords/temporal/tempkey
SEAD,02766-metadata.xml,/metadata/idinfo/accconst
SEAD,02766-metadata.xml,/metadata/idinfo/useconst
SEAD,02766-metadata.xml,/metadata/metainfo/metd
SEAD,02766-metadata.xml,/metadata/metainfo/metc/cntinfo/cntperp/cntper
SEAD,02766-metadata.xml,/metadata/metainfo/metc/cntinfo/cntaddr/addrtype
SEAD,02766-metadata.xml,/metadata/metainfo/metc/cntinfo/cntaddr/city
SEAD,02766-metadata.xml,/metadata/metainfo/metc/cntinfo/cntaddr/state
SEAD,02766-metadata.xml,/metadata/metainfo/metc/cntinfo/cntaddr/postal
SEAD,02766-metadata.xml,/metadata/metainfo/metc/cntinfo/cntvoice
SEAD,02766-metadata.xml,/metadata/metainfo/metstdn
SEAD,02766-metadata.xml,/metadata/metainfo/metstdv
SEAD,02767-metadata.xml,/metadata/idinfo/citation/citeinfo/origin
SEAD,02767-metadata.xml,/metadata/idinfo/citation/citeinfo/origin
SEAD,02767-metadata.xml,/metadata/idinfo/citation/citeinfo/pubdate
SEAD,02767-metadata.xml,/metadata/idinfo/citation/citeinfo/title
SEAD,02767-metadata.xml,/metadata/idinfo/citation/citeinfo/pubinfo/pubplace
SEAD,02767-metadata.xml,/metadata/idinfo/citation/citeinfo/pubinfo/publish
SEAD,02767-metadata.xml,/metadata/idinfo/citation/citeinfo/onlink
SEAD,02767-metadata.xml,/metadata/idinfo/descript/abstract
SEAD,02767-metadata.xml,/metadata/idinfo/descript/purpose
SEAD,02767-metadata.xml,/metadata/idinfo/timeperd/timeinfo/rngdates/begdate
SEAD,02767-metadata.xml,/metadata/idinfo/timeperd/timeinfo/rngdates/enddate
SEAD,02767-metadata.xml,/metadata/idinfo/timeperd/current
SEAD,02767-metadata.xml,/metadata/idinfo/status/progress
SEAD,02767-metadata.xml,/metadata/idinfo/status/update
SEAD,02767-metadata.xml,/metadata/idinfo/spdom/bounding/westbc
SEAD,02767-metadata.xml,/metadata/idinfo/spdom/bounding/eastbc
SEAD,02767-metadata.xml,/metadata/idinfo/spdom/bounding/northbc
SEAD,02767-metadata.xml,/metadata/idinfo/spdom/bounding/southbc
SEAD,02767-metadata.xml,/metadata/idinfo/keywords/theme/themekt
SEAD,02767-metadata.xml,/metadata/idinfo/keywords/theme/themekey
SEAD,02767-metadata.xml,/metadata/idinfo/keywords/theme/themekt
SEAD,02767-metadata.xml,/metadata/idinfo/keywords/theme/themekey
SEAD,02767-metadata.xml,/metadata/idinfo/keywords/theme/themekt
SEAD,02767-metadata.xml,/metadata/idinfo/keywords/theme/themekey
SEAD,02767-metadata.xml,/metadata/idinfo/keywords/theme/themekt
SEAD,02767-metadata.xml,/metadata/idinfo/keywords/theme/themekey
SEAD,02767-metadata.xml,/metadata/idinfo/keywords/theme/themekt
SEAD,02767-metadata.xml,/metadata/idinfo/keywords/theme/themekey
SEAD,02767-metadata.xml,/metadata/idinfo/keywords/theme/themekey
SEAD,02767-metadata.xml,/metadata/idinfo/keywords/place/placekt
SEAD,02767-metadata.xml,/metadata/idinfo/keywords/place/placekey
SEAD,02767-metadata.xml,/metadata/idinfo/keywords/place/placekt
SEAD,02767-metadata.xml,/metadata/idinfo/keywords/place/placekey
SEAD,02767-metadata.xml,/metadata/idinfo/keywords/place/placekt
SEAD,02767-metadata.xml,/metadata/idinfo/keywords/place/placekey
SEAD,02767-metadata.xml,/metadata/idinfo/keywords/place/placekt
SEAD,02767-metadata.xml,/metadata/idinfo/keywords/place/placekey
SEAD,02767-metadata.xml,/metadata/idinfo/keywords/place/placekt
SEAD,02767-metadata.xml,/metadata/idinfo/keywords/place/placekey
SEAD,02767-metadata.xml,/metadata/idinfo/keywords/place/placekt
SEAD,02767-metadata.xml,/metadata/idinfo/keywords/place/placekey
SEAD,02767-metadata.xml,/metadata/idinfo/keywords/place/placekt
SEAD,02767-metadata.xml,/metadata/idinfo/keywords/place/placekey
SEAD,02767-metadata.xml,/metadata/idinfo/keywords/place/placekt
SEAD,02767-metadata.xml,/metadata/idinfo/keywords/place/placekey
SEAD,02767-metadata.xml,/metadata/idinfo/keywords/place/placekt
SEAD,02767-metadata.xml,/metadata/idinfo/keywords/place/placekey
SEAD,02767-metadata.xml,/metadata/idinfo/keywords/place/placekt
SEAD,02767-metadata.xml,/metadata/idinfo/keywords/place/placekey
SEAD,02767-metadata.xml,/metadata/idinfo/keywords/place/placekt
SEAD,02767-metadata.xml,/metadata/idinfo/keywords/place/placekey
SEAD,02767-metadata.xml,/metadata/idinfo/keywords/place/placekt
SEAD,02767-metadata.xml,/metadata/idinfo/keywords/place/placekey
SEAD,02767-metadata.xml,/metadata/idinfo/keywords/place/placekt
SEAD,02767-metadata.xml,/metadata/idinfo/keywords/place/placekey
SEAD,02767-metadata.xml,/metadata/idinfo/keywords/place/placekt
SEAD,02767-metadata.xml,/metadata/idinfo/keywords/place/placekey
SEAD,02767-metadata.xml,/metadata/idinfo/accconst
SEAD,02767-metadata.xml,/metadata/idinfo/useconst
SEAD,02767-metadata.xml,/metadata/idinfo/ptcontac/cntinfo/cntperp/cntper
SEAD,02767-metadata.xml,/metadata/idinfo/ptcontac/cntinfo/cntperp/cntorg
SEAD,02767-metadata.xml,/metadata/idinfo/ptcontac/cntinfo/cntpos
SEAD,02767-metadata.xml,/metadata/idinfo/ptcontac/cntinfo/cntaddr/addrtype
SEAD,02767-metadata.xml,/metadata/idinfo/ptcontac/cntinfo/cntaddr/address
SEAD,02767-metadata.xml,/metadata/idinfo/ptcontac/cntinfo/cntaddr/address
SEAD,02767-metadata.xml,/metadata/idinfo/ptcontac/cntinfo/cntaddr/city
SEAD,02767-metadata.xml,/metadata/idinfo/ptcontac/cntinfo/cntaddr/state
SEAD,02767-metadata.xml,/metadata/idinfo/ptcontac/cntinfo/cntaddr/postal
SEAD,02767-metadata.xml,/metadata/idinfo/ptcontac/cntinfo/cntaddr/country
SEAD,02767-metadata.xml,/metadata/idinfo/ptcontac/cntinfo/cntvoice
SEAD,02767-metadata.xml,/metadata/idinfo/ptcontac/cntinfo/cntemail
SEAD,02767-metadata.xml,/metadata/distinfo/distrib/cntinfo/cntorgp/cntorg
SEAD,02767-metadata.xml,/metadata/distinfo/distrib/cntinfo/cntorgp/cntper
SEAD,02767-metadata.xml,/metadata/distinfo/distrib/cntinfo/cntaddr/addrtype
SEAD,02767-metadata.xml,/metadata/distinfo/distrib/cntinfo/cntaddr/address
SEAD,02767-metadata.xml,/metadata/distinfo/distrib/cntinfo/cntaddr/address
SEAD,02767-metadata.xml,/metadata/distinfo/distrib/cntinfo/cntaddr/city
SEAD,02767-metadata.xml,/metadata/distinfo/distrib/cntinfo/cntaddr/state
SEAD,02767-metadata.xml,/metadata/distinfo/distrib/cntinfo/cntaddr/postal
SEAD,02767-metadata.xml,/metadata/distinfo/distrib/cntinfo/cntaddr/country
SEAD,02767-metadata.xml,/metadata/distinfo/distrib/cntinfo/cntvoice
SEAD,02767-metadata.xml,/metadata/distinfo/distrib/cntinfo/cntemail
SEAD,02767-metadata.xml,/metadata/distinfo/resdesc
SEAD,02767-metadata.xml,/metadata/distinfo/distliab
SEAD,02767-metadata.xml,/metadata/metainfo/metd
SEAD,02767-metadata.xml,/metadata/metainfo/metrd
SEAD,02767-metadata.xml,/metadata/metainfo/metc/cntinfo/cntperp/cntper
SEAD,02767-metadata.xml,/metadata/metainfo/metc/cntinfo/cntperp/cntorg
SEAD,02767-metadata.xml,/metadata/metainfo/metc/cntinfo/cntpos
SEAD,02767-metadata.xml,/metadata/metainfo/metc/cntinfo/cntaddr/addrtype
SEAD,02767-metadata.xml,/metadata/metainfo/metc/cntinfo/cntaddr/address
SEAD,02767-metadata.xml,/metadata/metainfo/metc/cntinfo/cntaddr/address
SEAD,02767-metadata.xml,/metadata/metainfo/metc/cntinfo/cntaddr/address
SEAD,02767-metadata.xml,/metadata/metainfo/metc/cntinfo/cntaddr/city
SEAD,02767-metadata.xml,/metadata/metainfo/metc/cntinfo/cntaddr/state
SEAD,02767-metadata.xml,/metadata/metainfo/metc/cntinfo/cntaddr/postal
SEAD,02767-metadata.xml,/metadata/metainfo/metc/cntinfo/cntaddr/country
SEAD,02767-metadata.xml,/metadata/metainfo/metc/cntinfo/cntvoice
SEAD,02767-metadata.xml,/metadata/metainfo/metc/cntinfo/cntfax
SEAD,02767-metadata.xml,/metadata/metainfo/metc/cntinfo/cntemail
SEAD,02767-metadata.xml,/metadata/metainfo/metstdn
SEAD,02767-metadata.xml,/metadata/metainfo/metstdv
SEAD,02768-metadata.xml,/metadata/idinfo/citation/citeinfo/origin
SEAD,02768-metadata.xml,/metadata/idinfo/citation/citeinfo/pubdate
SEAD,02768-metadata.xml,/metadata/idinfo/citation/citeinfo/title
SEAD,02768-metadata.xml,/metadata/idinfo/citation/citeinfo/pubinfo/pubplace
SEAD,02768-metadata.xml,/metadata/idinfo/citation/citeinfo/pubinfo/publish
SEAD,02768-metadata.xml,/metadata/idinfo/citation/citeinfo/onlink
SEAD,02768-metadata.xml,/metadata/idinfo/descript/abstract
SEAD,02768-metadata.xml,/metadata/idinfo/descript/purpose
SEAD,02768-metadata.xml,/metadata/idinfo/timeperd/timeinfo/rngdates/begdate
SEAD,02768-metadata.xml,/metadata/idinfo/timeperd/timeinfo/rngdates/enddate
SEAD,02768-metadata.xml,/metadata/idinfo/timeperd/current
SEAD,02768-metadata.xml,/metadata/idinfo/status/progress
SEAD,02768-metadata.xml,/metadata/idinfo/status/update
SEAD,02768-metadata.xml,/metadata/idinfo/spdom/bounding/westbc
SEAD,02768-metadata.xml,/metadata/idinfo/spdom/bounding/eastbc
SEAD,02768-metadata.xml,/metadata/idinfo/spdom/bounding/northbc
SEAD,02768-metadata.xml,/metadata/idinfo/spdom/bounding/southbc
SEAD,02768-metadata.xml,/metadata/idinfo/keywords/theme/themekt
SEAD,02768-metadata.xml,/metadata/idinfo/keywords/theme/themekey
SEAD,02768-metadata.xml,/metadata/idinfo/keywords/theme/themekey
SEAD,02768-metadata.xml,/metadata/idinfo/keywords/theme/themekey
SEAD,02768-metadata.xml,/metadata/idinfo/keywords/theme/themekey
SEAD,02768-metadata.xml,/metadata/idinfo/keywords/theme/themekey
SEAD,02768-metadata.xml,/metadata/idinfo/keywords/theme/themekt
SEAD,02768-metadata.xml,/metadata/idinfo/keywords/theme/themekey
SEAD,02768-metadata.xml,/metadata/idinfo/keywords/theme/themekt
SEAD,02768-metadata.xml,/metadata/idinfo/keywords/theme/themekey
SEAD,02768-metadata.xml,/metadata/idinfo/accconst
SEAD,02768-metadata.xml,/metadata/idinfo/useconst
SEAD,02768-metadata.xml,/metadata/idinfo/ptcontac/cntinfo/cntperp/cntper
SEAD,02768-metadata.xml,/metadata/idinfo/ptcontac/cntinfo/cntaddr/addrtype
SEAD,02768-metadata.xml,/metadata/idinfo/ptcontac/cntinfo/cntaddr/address
SEAD,02768-metadata.xml,/metadata/idinfo/ptcontac/cntinfo/cntaddr/address
SEAD,02768-metadata.xml,/metadata/idinfo/ptcontac/cntinfo/cntaddr/city
SEAD,02768-metadata.xml,/metadata/idinfo/ptcontac/cntinfo/cntaddr/state
SEAD,02768-metadata.xml,/metadata/idinfo/ptcontac/cntinfo/cntaddr/postal
SEAD,02768-metadata.xml,/metadata/idinfo/ptcontac/cntinfo/cntaddr/country
SEAD,02768-metadata.xml,/metadata/idinfo/ptcontac/cntinfo/cntvoice
SEAD,02768-metadata.xml,/metadata/idinfo/datacred
SEAD,02768-metadata.xml,/metadata/eainfo/overview/eaover
SEAD,02768-metadata.xml,/metadata/eainfo/overview/eadetcit
SEAD,02768-metadata.xml,/metadata/distinfo/distrib/cntinfo/cntorgp/cntorg
SEAD,02768-metadata.xml,/metadata/distinfo/distrib/cntinfo/cntorgp/cntper
SEAD,02768-metadata.xml,/metadata/distinfo/distrib/cntinfo/cntaddr/addrtype
SEAD,02768-metadata.xml,/metadata/distinfo/distrib/cntinfo/cntaddr/address
SEAD,02768-metadata.xml,/metadata/distinfo/distrib/cntinfo/cntaddr/address
SEAD,02768-metadata.xml,/metadata/distinfo/distrib/cntinfo/cntaddr/city
SEAD,02768-metadata.xml,/metadata/distinfo/distrib/cntinfo/cntaddr/state
SEAD,02768-metadata.xml,/metadata/distinfo/distrib/cntinfo/cntaddr/postal
SEAD,02768-metadata.xml,/metadata/distinfo/distrib/cntinfo/cntaddr/country
SEAD,02768-metadata.xml,/metadata/distinfo/distrib/cntinfo/cntvoice
SEAD,02768-metadata.xml,/metadata/distinfo/distrib/cntinfo/cntemail
SEAD,02768-metadata.xml,/metadata/distinfo/resdesc
SEAD,02768-metadata.xml,/metadata/distinfo/distliab
SEAD,02768-metadata.xml,/metadata/metainfo/metd
SEAD,02768-metadata.xml,/metadata/metainfo/metrd
SEAD,02768-metadata.xml,/metadata/metainfo/metc/cntinfo/cntperp/cntper
SEAD,02768-metadata.xml,/metadata/metainfo/metc/cntinfo/cntperp/cntorg
SEAD,02768-metadata.xml,/metadata/metainfo/metc/cntinfo/cntpos
SEAD,02768-metadata.xml,/metadata/metainfo/metc/cntinfo/cntaddr/addrtype
SEAD,02768-metadata.xml,/metadata/metainfo/metc/cntinfo/cntaddr/address
SEAD,02768-metadata.xml,/metadata/metainfo/metc/cntinfo/cntaddr/address
SEAD,02768-metadata.xml,/metadata/metainfo/metc/cntinfo/cntaddr/address
SEAD,02768-metadata.xml,/metadata/metainfo/metc/cntinfo/cntaddr/city
SEAD,02768-metadata.xml,/metadata/metainfo/metc/cntinfo/cntaddr/state
SEAD,02768-metadata.xml,/metadata/metainfo/metc/cntinfo/cntaddr/postal
SEAD,02768-metadata.xml,/metadata/metainfo/metc/cntinfo/cntaddr/country
SEAD,02768-metadata.xml,/metadata/metainfo/metc/cntinfo/cntvoice
SEAD,02768-metadata.xml,/metadata/metainfo/metc/cntinfo/cntfax
SEAD,02768-metadata.xml,/metadata/metainfo/metc/cntinfo/cntemail
SEAD,02768-metadata.xml,/metadata/metainfo/metstdn
SEAD,02768-metadata.xml,/metadata/metainfo/metstdv
SEAD,02769-metadata.xml,/metadata/idinfo/citation/citeinfo/origin
SEAD,02769-metadata.xml,/metadata/idinfo/citation/citeinfo/pubdate
SEAD,02769-metadata.xml,/metadata/idinfo/citation/citeinfo/title
SEAD,02769-metadata.xml,/metadata/idinfo/citation/citeinfo/pubinfo/pubplace
SEAD,02769-metadata.xml,/metadata/idinfo/citation/citeinfo/pubinfo/publish
SEAD,02769-metadata.xml,/metadata/idinfo/citation/citeinfo/onlink
SEAD,02769-metadata.xml,/metadata/idinfo/descript/abstract
SEAD,02769-metadata.xml,/metadata/idinfo/descript/purpose
SEAD,02769-metadata.xml,/metadata/idinfo/timeperd/timeinfo/rngdates/begdate
SEAD,02769-metadata.xml,/metadata/idinfo/timeperd/timeinfo/rngdates/enddate
SEAD,02769-metadata.xml,/metadata/idinfo/timeperd/current
SEAD,02769-metadata.xml,/metadata/idinfo/status/progress
SEAD,02769-metadata.xml,/metadata/idinfo/status/update
SEAD,02769-metadata.xml,/metadata/idinfo/spdom/bounding/westbc
SEAD,02769-metadata.xml,/metadata/idinfo/spdom/bounding/eastbc
SEAD,02769-metadata.xml,/metadata/idinfo/spdom/bounding/northbc
SEAD,02769-metadata.xml,/metadata/idinfo/spdom/bounding/southbc
SEAD,02769-metadata.xml,/metadata/idinfo/keywords/theme/themekt
SEAD,02769-metadata.xml,/metadata/idinfo/keywords/theme/themekey
SEAD,02769-metadata.xml,/metadata/idinfo/keywords/theme/themekey
SEAD,02769-metadata.xml,/metadata/idinfo/keywords/theme/themekey
SEAD,02769-metadata.xml,/metadata/idinfo/keywords/theme/themekey
SEAD,02769-metadata.xml,/metadata/idinfo/keywords/place/placekt
SEAD,02769-metadata.xml,/metadata/idinfo/keywords/place/placekey
SEAD,02769-metadata.xml,/metadata/idinfo/keywords/place/placekt
SEAD,02769-metadata.xml,/metadata/idinfo/keywords/place/placekey
SEAD,02769-metadata.xml,/metadata/idinfo/accconst
SEAD,02769-metadata.xml,/metadata/idinfo/useconst
SEAD,02769-metadata.xml,/metadata/idinfo/ptcontac/cntinfo/cntorgp/cntorg
SEAD,02769-metadata.xml,/metadata/idinfo/ptcontac/cntinfo/cntorgp/cntper
SEAD,02769-metadata.xml,/metadata/idinfo/ptcontac/cntinfo/cntaddr/addrtype
SEAD,02769-metadata.xml,/metadata/idinfo/ptcontac/cntinfo/cntaddr/address
SEAD,02769-metadata.xml,/metadata/idinfo/ptcontac/cntinfo/cntaddr/address
SEAD,02769-metadata.xml,/metadata/idinfo/ptcontac/cntinfo/cntaddr/city
SEAD,02769-metadata.xml,/metadata/idinfo/ptcontac/cntinfo/cntaddr/state
SEAD,02769-metadata.xml,/metadata/idinfo/ptcontac/cntinfo/cntaddr/postal
SEAD,02769-metadata.xml,/metadata/idinfo/ptcontac/cntinfo/cntaddr/country
SEAD,02769-metadata.xml,/metadata/idinfo/ptcontac/cntinfo/cntvoice
SEAD,02769-metadata.xml,/metadata/idinfo/datacred
SEAD,02769-metadata.xml,/metadata/dataqual/logic
SEAD,02769-metadata.xml,/metadata/dataqual/complete
SEAD,02769-metadata.xml,/metadata/dataqual/lineage/procstep/procdesc
SEAD,02769-metadata.xml,/metadata/dataqual/lineage/procstep/procdate
SEAD,02769-metadata.xml,/metadata/dataqual/lineage/procstep/proccont/cntinfo/cntorgp/cntorg
SEAD,02769-metadata.xml,/metadata/dataqual/lineage/procstep/proccont/cntinfo/cntorgp/cntper
SEAD,02769-metadata.xml,/metadata/dataqual/lineage/procstep/proccont/cntinfo/cntaddr/addrtype
SEAD,02769-metadata.xml,/metadata/dataqual/lineage/procstep/proccont/cntinfo/cntaddr/address
SEAD,02769-metadata.xml,/metadata/dataqual/lineage/procstep/proccont/cntinfo/cntaddr/address
SEAD,02769-metadata.xml,/metadata/dataqual/lineage/procstep/proccont/cntinfo/cntaddr/city
SEAD,02769-metadata.xml,/metadata/dataqual/lineage/procstep/proccont/cntinfo/cntaddr/state
SEAD,02769-metadata.xml,/metadata/dataqual/lineage/procstep/proccont/cntinfo/cntaddr/postal
SEAD,02769-metadata.xml,/metadata/dataqual/lineage/procstep/proccont/cntinfo/cntaddr/country
SEAD,02769-metadata.xml,/metadata/dataqual/lineage/procstep/proccont/cntinfo/cntvoice
SEAD,02769-metadata.xml,/metadata/dataqual/lineage/procstep/proccont/cntinfo/cntemail
SEAD,02769-metadata.xml,/metadata/distinfo/distrib/cntinfo/cntorgp/cntorg
SEAD,02769-metadata.xml,/metadata/distinfo/distrib/cntinfo/cntorgp/cntper
SEAD,02769-metadata.xml,/metadata/distinfo/distrib/cntinfo/cntaddr/addrtype
SEAD,02769-metadata.xml,/metadata/distinfo/distrib/cntinfo/cntaddr/address
SEAD,02769-metadata.xml,/metadata/distinfo/distrib/cntinfo/cntaddr/address
SEAD,02769-metadata.xml,/metadata/distinfo/distrib/cntinfo/cntaddr/city
SEAD,02769-metadata.xml,/metadata/distinfo/distrib/cntinfo/cntaddr/state
SEAD,02769-metadata.xml,/metadata/distinfo/distrib/cntinfo/cntaddr/postal
SEAD,02769-metadata.xml,/metadata/distinfo/distrib/cntinfo/cntaddr/country
SEAD,02769-metadata.xml,/metadata/distinfo/distrib/cntinfo/cntvoice
SEAD,02769-metadata.xml,/metadata/distinfo/distrib/cntinfo/cntemail
SEAD,02769-metadata.xml,/metadata/distinfo/distrib/cntinfo/cntemail
SEAD,02769-metadata.xml,/metadata/distinfo/distliab
SEAD,02769-metadata.xml,/metadata/metainfo/metd
SEAD,02769-metadata.xml,/metadata/metainfo/metc/cntinfo/cntorgp/cntorg
SEAD,02769-metadata.xml,/metadata/metainfo/metc/cntinfo/cntaddr/addrtype
SEAD,02769-metadata.xml,/metadata/metainfo/metc/cntinfo/cntaddr/city
SEAD,02769-metadata.xml,/metadata/metainfo/metc/cntinfo/cntaddr/state
SEAD,02769-metadata.xml,/metadata/metainfo/metc/cntinfo/cntaddr/postal
SEAD,02769-metadata.xml,/metadata/metainfo/metc/cntinfo/cntvoice
SEAD,02769-metadata.xml,/metadata/metainfo/metc/cntinfo/cntemail
SEAD,02769-metadata.xml,/metadata/metainfo/metstdn
SEAD,02769-metadata.xml,/metadata/metainfo/metstdv
SEAD,02770-metadata.xml,/metadata/idinfo/citation/citeinfo/origin
SEAD,02770-metadata.xml,/metadata/idinfo/citation/citeinfo/pubdate
SEAD,02770-metadata.xml,/metadata/idinfo/citation/citeinfo/title
SEAD,02770-metadata.xml,/metadata/idinfo/citation/citeinfo/pubinfo/pubplace
SEAD,02770-metadata.xml,/metadata/idinfo/citation/citeinfo/pubinfo/publish
SEAD,02770-metadata.xml,/metadata/idinfo/citation/citeinfo/onlink
SEAD,02770-metadata.xml,/metadata/idinfo/descript/abstract
SEAD,02770-metadata.xml,/metadata/idinfo/descript/purpose
SEAD,02770-metadata.xml,/metadata/idinfo/descript/supplinf
SEAD,02770-metadata.xml,/metadata/idinfo/timeperd/timeinfo/rngdates/begdate
SEAD,02770-metadata.xml,/metadata/idinfo/timeperd/timeinfo/rngdates/enddate
SEAD,02770-metadata.xml,/metadata/idinfo/timeperd/current
SEAD,02770-metadata.xml,/metadata/idinfo/status/progress
SEAD,02770-metadata.xml,/metadata/idinfo/status/update
SEAD,02770-metadata.xml,/metadata/idinfo/spdom/bounding/westbc
SEAD,02770-metadata.xml,/metadata/idinfo/spdom/bounding/eastbc
SEAD,02770-metadata.xml,/metadata/idinfo/spdom/bounding/northbc
SEAD,02770-metadata.xml,/metadata/idinfo/spdom/bounding/southbc
SEAD,02770-metadata.xml,/metadata/idinfo/keywords/theme/themekt
SEAD,02770-metadata.xml,/metadata/idinfo/keywords/theme/themekey
SEAD,02770-metadata.xml,/metadata/idinfo/keywords/theme/themekt
SEAD,02770-metadata.xml,/metadata/idinfo/keywords/theme/themekey
SEAD,02770-metadata.xml,/metadata/idinfo/keywords/theme/themekt
SEAD,02770-metadata.xml,/metadata/idinfo/keywords/theme/themekey
SEAD,02770-metadata.xml,/metadata/idinfo/keywords/theme/themekey
SEAD,02770-metadata.xml,/metadata/idinfo/keywords/theme/themekey
SEAD,02770-metadata.xml,/metadata/idinfo/keywords/place/placekt
SEAD,02770-metadata.xml,/metadata/idinfo/keywords/place/placekey
SEAD,02770-metadata.xml,/metadata/idinfo/accconst
SEAD,02770-metadata.xml,/metadata/idinfo/useconst
SEAD,02770-metadata.xml,/metadata/idinfo/ptcontac/cntinfo/cntperp/cntper
SEAD,02770-metadata.xml,/metadata/idinfo/ptcontac/cntinfo/cntaddr/addrtype
SEAD,02770-metadata.xml,/metadata/idinfo/ptcontac/cntinfo/cntaddr/address
SEAD,02770-metadata.xml,/metadata/idinfo/ptcontac/cntinfo/cntaddr/address
SEAD,02770-metadata.xml,/metadata/idinfo/ptcontac/cntinfo/cntaddr/city
SEAD,02770-metadata.xml,/metadata/idinfo/ptcontac/cntinfo/cntaddr/state
SEAD,02770-metadata.xml,/metadata/idinfo/ptcontac/cntinfo/cntaddr/postal
SEAD,02770-metadata.xml,/metadata/idinfo/ptcontac/cntinfo/cntaddr/country
SEAD,02770-metadata.xml,/metadata/idinfo/ptcontac/cntinfo/cntvoice
SEAD,02770-metadata.xml,/metadata/idinfo/datacred
SEAD,02770-metadata.xml,/metadata/distinfo/distrib/cntinfo/cntorgp/cntorg
SEAD,02770-metadata.xml,/metadata/distinfo/distrib/cntinfo/cntorgp/cntper
SEAD,02770-metadata.xml,/metadata/distinfo/distrib/cntinfo/cntaddr/addrtype
SEAD,02770-metadata.xml,/metadata/distinfo/distrib/cntinfo/cntaddr/address
SEAD,02770-metadata.xml,/metadata/distinfo/distrib/cntinfo/cntaddr/address
SEAD,02770-metadata.xml,/metadata/distinfo/distrib/cntinfo/cntaddr/city
SEAD,02770-metadata.xml,/metadata/distinfo/distrib/cntinfo/cntaddr/state
SEAD,02770-metadata.xml,/metadata/distinfo/distrib/cntinfo/cntaddr/postal
SEAD,02770-metadata.xml,/metadata/distinfo/distrib/cntinfo/cntaddr/country
SEAD,02770-metadata.xml,/metadata/distinfo/distrib/cntinfo/cntvoice
SEAD,02770-metadata.xml,/metadata/distinfo/distrib/cntinfo/cntemail
SEAD,02770-metadata.xml,/metadata/distinfo/resdesc
SEAD,02770-metadata.xml,/metadata/distinfo/distliab
SEAD,02770-metadata.xml,/metadata/metainfo/metd
SEAD,02770-metadata.xml,/metadata/metainfo/metrd
SEAD,02770-metadata.xml,/metadata/metainfo/metc/cntinfo/cntperp/cntper
SEAD,02770-metadata.xml,/metadata/metainfo/metc/cntinfo/cntperp/cntorg
SEAD,02770-metadata.xml,/metadata/metainfo/metc/cntinfo/cntaddr/addrtype
SEAD,02770-metadata.xml,/metadata/metainfo/metc/cntinfo/cntaddr/address
SEAD,02770-metadata.xml,/metadata/metainfo/metc/cntinfo/cntaddr/address
SEAD,02770-metadata.xml,/metadata/metainfo/metc/cntinfo/cntaddr/address
SEAD,02770-metadata.xml,/metadata/metainfo/metc/cntinfo/cntaddr/city
SEAD,02770-metadata.xml,/metadata/metainfo/metc/cntinfo/cntaddr/state
SEAD,02770-metadata.xml,/metadata/metainfo/metc/cntinfo/cntaddr/postal
SEAD,02770-metadata.xml,/metadata/metainfo/metc/cntinfo/cntaddr/country
SEAD,02770-metadata.xml,/metadata/metainfo/metc/cntinfo/cntvoice
SEAD,02770-metadata.xml,/metadata/metainfo/metc/cntinfo/cntemail
SEAD,02770-metadata.xml,/metadata/metainfo/metstdn
SEAD,02770-metadata.xml,/metadata/metainfo/metstdv
SEAD,02771-metadata.xml,/metadata/idinfo/citation/citeinfo/origin
SEAD,02771-metadata.xml,/metadata/idinfo/citation/citeinfo/pubdate
SEAD,02771-metadata.xml,/metadata/idinfo/citation/citeinfo/title
SEAD,02771-metadata.xml,/metadata/idinfo/citation/citeinfo/pubinfo/pubplace
SEAD,02771-metadata.xml,/metadata/idinfo/citation/citeinfo/pubinfo/publish
SEAD,02771-metadata.xml,/metadata/idinfo/citation/citeinfo/onlink
SEAD,02771-metadata.xml,/metadata/idinfo/descript/abstract
SEAD,02771-metadata.xml,/metadata/idinfo/descript/purpose
SEAD,02771-metadata.xml,/metadata/idinfo/timeperd/timeinfo/rngdates/begdate
SEAD,02771-metadata.xml,/metadata/idinfo/timeperd/timeinfo/rngdates/enddate
SEAD,02771-metadata.xml,/metadata/idinfo/timeperd/current
SEAD,02771-metadata.xml,/metadata/idinfo/status/progress
SEAD,02771-metadata.xml,/metadata/idinfo/status/update
SEAD,02771-metadata.xml,/metadata/idinfo/spdom/bounding/westbc
SEAD,02771-metadata.xml,/metadata/idinfo/spdom/bounding/eastbc
SEAD,02771-metadata.xml,/metadata/idinfo/spdom/bounding/northbc
SEAD,02771-metadata.xml,/metadata/idinfo/spdom/bounding/southbc
SEAD,02771-metadata.xml,/metadata/idinfo/keywords/theme/themekt
SEAD,02771-metadata.xml,/metadata/idinfo/keywords/theme/themekey
SEAD,02771-metadata.xml,/metadata/idinfo/keywords/theme/themekey
SEAD,02771-metadata.xml,/metadata/idinfo/keywords/theme/themekt
SEAD,02771-metadata.xml,/metadata/idinfo/keywords/theme/themekey
SEAD,02771-metadata.xml,/metadata/idinfo/keywords/theme/themekey
SEAD,02771-metadata.xml,/metadata/idinfo/keywords/theme/themekt
SEAD,02771-metadata.xml,/metadata/idinfo/keywords/theme/themekey
SEAD,02771-metadata.xml,/metadata/idinfo/keywords/theme/themekey
SEAD,02771-metadata.xml,/metadata/idinfo/keywords/theme/themekt
SEAD,02771-metadata.xml,/metadata/idinfo/keywords/theme/themekey
SEAD,02771-metadata.xml,/metadata/idinfo/keywords/theme/themekey
SEAD,02771-metadata.xml,/metadata/idinfo/keywords/theme/themekey
SEAD,02771-metadata.xml,/metadata/idinfo/keywords/place/placekt
SEAD,02771-metadata.xml,/metadata/idinfo/keywords/place/placekey
SEAD,02771-metadata.xml,/metadata/idinfo/accconst
SEAD,02771-metadata.xml,/metadata/idinfo/useconst
SEAD,02771-metadata.xml,/metadata/idinfo/ptcontac/cntinfo/cntperp/cntper
SEAD,02771-metadata.xml,/metadata/idinfo/ptcontac/cntinfo/cntaddr/addrtype
SEAD,02771-metadata.xml,/metadata/idinfo/ptcontac/cntinfo/cntaddr/address
SEAD,02771-metadata.xml,/metadata/idinfo/ptcontac/cntinfo/cntaddr/address
SEAD,02771-metadata.xml,/metadata/idinfo/ptcontac/cntinfo/cntaddr/city
SEAD,02771-metadata.xml,/metadata/idinfo/ptcontac/cntinfo/cntaddr/state
SEAD,02771-metadata.xml,/metadata/idinfo/ptcontac/cntinfo/cntaddr/postal
SEAD,02771-metadata.xml,/metadata/idinfo/ptcontac/cntinfo/cntaddr/country
SEAD,02771-metadata.xml,/metadata/idinfo/ptcontac/cntinfo/cntvoice
SEAD,02771-metadata.xml,/metadata/idinfo/ptcontac/cntinfo/cntemail
SEAD,02771-metadata.xml,/metadata/idinfo/datacred
SEAD,02771-metadata.xml,/metadata/eainfo/overview/eaover
SEAD,02771-metadata.xml,/metadata/eainfo/overview/eadetcit
SEAD,02771-metadata.xml,/metadata/eainfo/overview/eaover
SEAD,02771-metadata.xml,/metadata/eainfo/overview/eadetcit
SEAD,02771-metadata.xml,/metadata/distinfo/distrib/cntinfo/cntorgp/cntorg
SEAD,02771-metadata.xml,/metadata/distinfo/distrib/cntinfo/cntaddr/addrtype
SEAD,02771-metadata.xml,/metadata/distinfo/distrib/cntinfo/cntaddr/address
SEAD,02771-metadata.xml,/metadata/distinfo/distrib/cntinfo/cntaddr/address
SEAD,02771-metadata.xml,/metadata/distinfo/distrib/cntinfo/cntaddr/address
SEAD,02771-metadata.xml,/metadata/distinfo/distrib/cntinfo/cntaddr/city
SEAD,02771-metadata.xml,/metadata/distinfo/distrib/cntinfo/cntaddr/state
SEAD,02771-metadata.xml,/metadata/distinfo/distrib/cntinfo/cntaddr/postal
SEAD,02771-metadata.xml,/metadata/distinfo/distrib/cntinfo/cntaddr/country
SEAD,02771-metadata.xml,/metadata/distinfo/distrib/cntinfo/cntvoice
SEAD,02771-metadata.xml,/metadata/distinfo/distrib/cntinfo/cntfax
SEAD,02771-metadata.xml,/metadata/distinfo/distrib/cntinfo/cntemail
SEAD,02771-metadata.xml,/metadata/distinfo/resdesc
SEAD,02771-metadata.xml,/metadata/distinfo/distliab
SEAD,02771-metadata.xml,/metadata/metainfo/metd
SEAD,02771-metadata.xml,/metadata/metainfo/metrd
SEAD,02771-metadata.xml,/metadata/metainfo/metc/cntinfo/cntperp/cntper
SEAD,02771-metadata.xml,/metadata/metainfo/metc/cntinfo/cntperp/cntorg
SEAD,02771-metadata.xml,/metadata/metainfo/metc/cntinfo/cntaddr/addrtype
SEAD,02771-metadata.xml,/metadata/metainfo/metc/cntinfo/cntaddr/address
SEAD,02771-metadata.xml,/metadata/metainfo/metc/cntinfo/cntaddr/address
SEAD,02771-metadata.xml,/metadata/metainfo/metc/cntinfo/cntaddr/address
SEAD,02771-metadata.xml,/metadata/metainfo/metc/cntinfo/cntaddr/city
SEAD,02771-metadata.xml,/metadata/metainfo/metc/cntinfo/cntaddr/state
SEAD,02771-metadata.xml,/metadata/metainfo/metc/cntinfo/cntaddr/postal
SEAD,02771-metadata.xml,/metadata/metainfo/metc/cntinfo/cntaddr/country
SEAD,02771-metadata.xml,/metadata/metainfo/metc/cntinfo/cntvoice
SEAD,02771-metadata.xml,/metadata/metainfo/metc/cntinfo/cntemail
SEAD,02771-metadata.xml,/metadata/metainfo/metstdn
SEAD,02771-metadata.xml,/metadata/metainfo/metstdv
SEAD,02772-metadata.xml,/metadata/idinfo/citation/citeinfo/origin
SEAD,02772-metadata.xml,/metadata/idinfo/citation/citeinfo/pubdate
SEAD,02772-metadata.xml,/metadata/idinfo/citation/citeinfo/title
SEAD,02772-metadata.xml,/metadata/idinfo/citation/citeinfo/pubinfo/pubplace
SEAD,02772-metadata.xml,/metadata/idinfo/citation/citeinfo/pubinfo/publish
SEAD,02772-metadata.xml,/metadata/idinfo/citation/citeinfo/onlink
SEAD,02772-metadata.xml,/metadata/idinfo/descript/abstract
SEAD,02772-metadata.xml,/metadata/idinfo/descript/purpose
SEAD,02772-metadata.xml,/metadata/idinfo/timeperd/timeinfo/rngdates/begdate
SEAD,02772-metadata.xml,/metadata/idinfo/timeperd/timeinfo/rngdates/enddate
SEAD,02772-metadata.xml,/metadata/idinfo/timeperd/current
SEAD,02772-metadata.xml,/metadata/idinfo/status/progress
SEAD,02772-metadata.xml,/metadata/idinfo/status/update
SEAD,02772-metadata.xml,/metadata/idinfo/spdom/bounding/westbc
SEAD,02772-metadata.xml,/metadata/idinfo/spdom/bounding/eastbc
SEAD,02772-metadata.xml,/metadata/idinfo/spdom/bounding/northbc
SEAD,02772-metadata.xml,/metadata/idinfo/spdom/bounding/southbc
SEAD,02772-metadata.xml,/metadata/idinfo/keywords/theme/themekt
SEAD,02772-metadata.xml,/metadata/idinfo/keywords/theme/themekey
SEAD,02772-metadata.xml,/metadata/idinfo/keywords/theme/themekey
SEAD,02772-metadata.xml,/metadata/idinfo/keywords/theme/themekey
SEAD,02772-metadata.xml,/metadata/idinfo/keywords/theme/themekt
SEAD,02772-metadata.xml,/metadata/idinfo/keywords/theme/themekey
SEAD,02772-metadata.xml,/metadata/idinfo/keywords/theme/themekey
SEAD,02772-metadata.xml,/metadata/idinfo/keywords/theme/themekey
SEAD,02772-metadata.xml,/metadata/idinfo/keywords/theme/themekt
SEAD,02772-metadata.xml,/metadata/idinfo/keywords/theme/themekey
SEAD,02772-metadata.xml,/metadata/idinfo/keywords/theme/themekey
SEAD,02772-metadata.xml,/metadata/idinfo/keywords/theme/themekt
SEAD,02772-metadata.xml,/metadata/idinfo/keywords/theme/themekey
SEAD,02772-metadata.xml,/metadata/idinfo/keywords/place/placekt
SEAD,02772-metadata.xml,/metadata/idinfo/keywords/place/placekey
SEAD,02772-metadata.xml,/metadata/idinfo/accconst
SEAD,02772-metadata.xml,/metadata/idinfo/useconst
SEAD,02772-metadata.xml,/metadata/idinfo/ptcontac/cntinfo/cntperp/cntper
SEAD,02772-metadata.xml,/metadata/idinfo/ptcontac/cntinfo/cntaddr/addrtype
SEAD,02772-metadata.xml,/metadata/idinfo/ptcontac/cntinfo/cntaddr/address
SEAD,02772-metadata.xml,/metadata/idinfo/ptcontac/cntinfo/cntaddr/address
SEAD,02772-metadata.xml,/metadata/idinfo/ptcontac/cntinfo/cntaddr/city
SEAD,02772-metadata.xml,/metadata/idinfo/ptcontac/cntinfo/cntaddr/state
SEAD,02772-metadata.xml,/metadata/idinfo/ptcontac/cntinfo/cntaddr/postal
SEAD,02772-metadata.xml,/metadata/idinfo/ptcontac/cntinfo/cntaddr/country
SEAD,02772-metadata.xml,/metadata/idinfo/ptcontac/cntinfo/cntvoice
SEAD,02772-metadata.xml,/metadata/idinfo/ptcontac/cntinfo/cntemail
SEAD,02772-metadata.xml,/metadata/idinfo/datacred
SEAD,02772-metadata.xml,/metadata/eainfo/overview/eaover
SEAD,02772-metadata.xml,/metadata/eainfo/overview/eadetcit
SEAD,02772-metadata.xml,/metadata/eainfo/overview/eaover
SEAD,02772-metadata.xml,/metadata/eainfo/overview/eadetcit
SEAD,02772-metadata.xml,/metadata/distinfo/distrib/cntinfo/cntorgp/cntorg
SEAD,02772-metadata.xml,/metadata/distinfo/distrib/cntinfo/cntorgp/cntper
SEAD,02772-metadata.xml,/metadata/distinfo/distrib/cntinfo/cntaddr/addrtype
SEAD,02772-metadata.xml,/metadata/distinfo/distrib/cntinfo/cntaddr/address
SEAD,02772-metadata.xml,/metadata/distinfo/distrib/cntinfo/cntaddr/address
SEAD,02772-metadata.xml,/metadata/distinfo/distrib/cntinfo/cntaddr/city
SEAD,02772-metadata.xml,/metadata/distinfo/distrib/cntinfo/cntaddr/state
SEAD,02772-metadata.xml,/metadata/distinfo/distrib/cntinfo/cntaddr/postal
SEAD,02772-metadata.xml,/metadata/distinfo/distrib/cntinfo/cntaddr/country
SEAD,02772-metadata.xml,/metadata/distinfo/distrib/cntinfo/cntvoice
SEAD,02772-metadata.xml,/metadata/distinfo/distrib/cntinfo/cntemail
SEAD,02772-metadata.xml,/metadata/distinfo/resdesc
SEAD,02772-metadata.xml,/metadata/distinfo/distliab
SEAD,02772-metadata.xml,/metadata/metainfo/metd
SEAD,02772-metadata.xml,/metadata/metainfo/metrd
SEAD,02772-metadata.xml,/metadata/metainfo/metc/cntinfo/cntperp/cntper
SEAD,02772-metadata.xml,/metadata/metainfo/metc/cntinfo/cntperp/cntorg
SEAD,02772-metadata.xml,/metadata/metainfo/metc/cntinfo/cntaddr/addrtype
SEAD,02772-metadata.xml,/metadata/metainfo/metc/cntinfo/cntaddr/address
SEAD,02772-metadata.xml,/metadata/metainfo/metc/cntinfo/cntaddr/address
SEAD,02772-metadata.xml,/metadata/metainfo/metc/cntinfo/cntaddr/address
SEAD,02772-metadata.xml,/metadata/metainfo/metc/cntinfo/cntaddr/city
SEAD,02772-metadata.xml,/metadata/metainfo/metc/cntinfo/cntaddr/state
SEAD,02772-metadata.xml,/metadata/metainfo/metc/cntinfo/cntaddr/postal
SEAD,02772-metadata.xml,/metadata/metainfo/metc/cntinfo/cntaddr/country
SEAD,02772-metadata.xml,/metadata/metainfo/metc/cntinfo/cntvoice
SEAD,02772-metadata.xml,/metadata/metainfo/metc/cntinfo/cntemail
SEAD,02772-metadata.xml,/metadata/metainfo/metstdn
SEAD,02772-metadata.xml,/metadata/metainfo/metstdv
SEAD,02773-metadata.xml,/metadata/idinfo/citation/citeinfo/origin
SEAD,02773-metadata.xml,/metadata/idinfo/citation/citeinfo/origin
SEAD,02773-metadata.xml,/metadata/idinfo/citation/citeinfo/pubdate
SEAD,02773-metadata.xml,/metadata/idinfo/citation/citeinfo/title
SEAD,02773-metadata.xml,/metadata/idinfo/citation/citeinfo/pubinfo/pubplace
SEAD,02773-metadata.xml,/metadata/idinfo/citation/citeinfo/pubinfo/publish
SEAD,02773-metadata.xml,/metadata/idinfo/citation/citeinfo/onlink
SEAD,02773-metadata.xml,/metadata/idinfo/descript/abstract
SEAD,02773-metadata.xml,/metadata/idinfo/descript/purpose
SEAD,02773-metadata.xml,/metadata/idinfo/timeperd/timeinfo/sngdate/caldate
SEAD,02773-metadata.xml,/metadata/idinfo/timeperd/current
SEAD,02773-metadata.xml,/metadata/idinfo/status/progress
SEAD,02773-metadata.xml,/metadata/idinfo/status/update
SEAD,02773-metadata.xml,/metadata/idinfo/spdom/bounding/westbc
SEAD,02773-metadata.xml,/metadata/idinfo/spdom/bounding/eastbc
SEAD,02773-metadata.xml,/metadata/idinfo/spdom/bounding/northbc
SEAD,02773-metadata.xml,/metadata/idinfo/spdom/bounding/southbc
SEAD,02773-metadata.xml,/metadata/idinfo/keywords/theme/themekt
SEAD,02773-metadata.xml,/metadata/idinfo/keywords/theme/themekey
SEAD,02773-metadata.xml,/metadata/idinfo/keywords/theme/themekey
SEAD,02773-metadata.xml,/metadata/idinfo/keywords/theme/themekt
SEAD,02773-metadata.xml,/metadata/idinfo/keywords/theme/themekey
SEAD,02773-metadata.xml,/metadata/idinfo/keywords/theme/themekey
SEAD,02773-metadata.xml,/metadata/idinfo/keywords/theme/themekt
SEAD,02773-metadata.xml,/metadata/idinfo/keywords/theme/themekey
SEAD,02773-metadata.xml,/metadata/idinfo/keywords/theme/themekey
SEAD,02773-metadata.xml,/metadata/idinfo/keywords/theme/themekey
SEAD,02773-metadata.xml,/metadata/idinfo/keywords/theme/themekey
SEAD,02773-metadata.xml,/metadata/idinfo/keywords/place/placekt
SEAD,02773-metadata.xml,/metadata/idinfo/keywords/place/placekey
SEAD,02773-metadata.xml,/metadata/idinfo/keywords/place/placekey
SEAD,02773-metadata.xml,/metadata/idinfo/accconst
SEAD,02773-metadata.xml,/metadata/idinfo/useconst
SEAD,02773-metadata.xml,/metadata/idinfo/ptcontac/cntinfo/cntorgp/cntorg
SEAD,02773-metadata.xml,/metadata/idinfo/ptcontac/cntinfo/cntorgp/cntper
SEAD,02773-metadata.xml,/metadata/idinfo/ptcontac/cntinfo/cntaddr/addrtype
SEAD,02773-metadata.xml,/metadata/idinfo/ptcontac/cntinfo/cntaddr/address
SEAD,02773-metadata.xml,/metadata/idinfo/ptcontac/cntinfo/cntaddr/address
SEAD,02773-metadata.xml,/metadata/idinfo/ptcontac/cntinfo/cntaddr/city
SEAD,02773-metadata.xml,/metadata/idinfo/ptcontac/cntinfo/cntaddr/state
SEAD,02773-metadata.xml,/metadata/idinfo/ptcontac/cntinfo/cntaddr/postal
SEAD,02773-metadata.xml,/metadata/idinfo/ptcontac/cntinfo/cntaddr/country
SEAD,02773-metadata.xml,/metadata/idinfo/ptcontac/cntinfo/cntvoice
SEAD,02773-metadata.xml,/metadata/idinfo/datacred
SEAD,02773-metadata.xml,/metadata/distinfo/distrib/cntinfo/cntorgp/cntorg
SEAD,02773-metadata.xml,/metadata/distinfo/distrib/cntinfo/cntorgp/cntper
SEAD,02773-metadata.xml,/metadata/distinfo/distrib/cntinfo/cntaddr/addrtype
SEAD,02773-metadata.xml,/metadata/distinfo/distrib/cntinfo/cntaddr/address
SEAD,02773-metadata.xml,/metadata/distinfo/distrib/cntinfo/cntaddr/address
SEAD,02773-metadata.xml,/metadata/distinfo/distrib/cntinfo/cntaddr/city
SEAD,02773-metadata.xml,/metadata/distinfo/distrib/cntinfo/cntaddr/state
SEAD,02773-metadata.xml,/metadata/distinfo/distrib/cntinfo/cntaddr/postal
SEAD,02773-metadata.xml,/metadata/distinfo/distrib/cntinfo/cntaddr/country
SEAD,02773-metadata.xml,/metadata/distinfo/distrib/cntinfo/cntvoice
SEAD,02773-metadata.xml,/metadata/distinfo/distrib/cntinfo/cntemail
SEAD,02773-metadata.xml,/metadata/distinfo/distliab
SEAD,02773-metadata.xml,/metadata/metainfo/metd
SEAD,02773-metadata.xml,/metadata/metainfo/metc/cntinfo/cntorgp/cntorg
SEAD,02773-metadata.xml,/metadata/metainfo/metc/cntinfo/cntaddr/addrtype
SEAD,02773-metadata.xml,/metadata/metainfo/metc/cntinfo/cntaddr/city
SEAD,02773-metadata.xml,/metadata/metainfo/metc/cntinfo/cntaddr/state
SEAD,02773-metadata.xml,/metadata/metainfo/metc/cntinfo/cntaddr/postal
SEAD,02773-metadata.xml,/metadata/metainfo/metc/cntinfo/cntvoice
SEAD,02773-metadata.xml,/metadata/metainfo/metc/cntinfo/cntemail
SEAD,02773-metadata.xml,/metadata/metainfo/metstdn
SEAD,02773-metadata.xml,/metadata/metainfo/metstdv
SEAD,02774-metadata.xml,/metadata/idinfo/citation/citeinfo/origin
SEAD,02774-metadata.xml,/metadata/idinfo/citation/citeinfo/pubdate
SEAD,02774-metadata.xml,/metadata/idinfo/citation/citeinfo/title
SEAD,02774-metadata.xml,/metadata/idinfo/citation/citeinfo/pubinfo/pubplace
SEAD,02774-metadata.xml,/metadata/idinfo/citation/citeinfo/pubinfo/publish
SEAD,02774-metadata.xml,/metadata/idinfo/citation/citeinfo/onlink
SEAD,02774-metadata.xml,/metadata/idinfo/descript/abstract
SEAD,02774-metadata.xml,/metadata/idinfo/descript/purpose
SEAD,02774-metadata.xml,/metadata/idinfo/timeperd/timeinfo/rngdates/begdate
SEAD,02774-metadata.xml,/metadata/idinfo/timeperd/timeinfo/rngdates/enddate
SEAD,02774-metadata.xml,/metadata/idinfo/timeperd/current
SEAD,02774-metadata.xml,/metadata/idinfo/status/progress
SEAD,02774-metadata.xml,/metadata/idinfo/status/update
SEAD,02774-metadata.xml,/metadata/idinfo/spdom/bounding/westbc
SEAD,02774-metadata.xml,/metadata/idinfo/spdom/bounding/eastbc
SEAD,02774-metadata.xml,/metadata/idinfo/spdom/bounding/northbc
SEAD,02774-metadata.xml,/metadata/idinfo/spdom/bounding/southbc
SEAD,02774-metadata.xml,/metadata/idinfo/keywords/theme/themekt
SEAD,02774-metadata.xml,/metadata/idinfo/keywords/theme/themekey
SEAD,02774-metadata.xml,/metadata/idinfo/keywords/theme/themekt
SEAD,02774-metadata.xml,/metadata/idinfo/keywords/theme/themekey
SEAD,02774-metadata.xml,/metadata/idinfo/keywords/theme/themekey
SEAD,02774-metadata.xml,/metadata/idinfo/keywords/theme/themekt
SEAD,02774-metadata.xml,/metadata/idinfo/keywords/theme/themekey
SEAD,02774-metadata.xml,/metadata/idinfo/keywords/place/placekt
SEAD,02774-metadata.xml,/metadata/idinfo/keywords/place/placekey
SEAD,02774-metadata.xml,/metadata/idinfo/accconst
SEAD,02774-metadata.xml,/metadata/idinfo/useconst
SEAD,02774-metadata.xml,/metadata/idinfo/ptcontac/cntinfo/cntperp/cntper
SEAD,02774-metadata.xml,/metadata/idinfo/ptcontac/cntinfo/cntaddr/addrtype
SEAD,02774-metadata.xml,/metadata/idinfo/ptcontac/cntinfo/cntaddr/address
SEAD,02774-metadata.xml,/metadata/idinfo/ptcontac/cntinfo/cntaddr/address
SEAD,02774-metadata.xml,/metadata/idinfo/ptcontac/cntinfo/cntaddr/city
SEAD,02774-metadata.xml,/metadata/idinfo/ptcontac/cntinfo/cntaddr/state
SEAD,02774-metadata.xml,/metadata/idinfo/ptcontac/cntinfo/cntaddr/postal
SEAD,02774-metadata.xml,/metadata/idinfo/ptcontac/cntinfo/cntaddr/country
SEAD,02774-metadata.xml,/metadata/idinfo/ptcontac/cntinfo/cntvoice
SEAD,02774-metadata.xml,/metadata/idinfo/datacred
SEAD,02774-metadata.xml,/metadata/eainfo/overview/eaover
SEAD,02774-metadata.xml,/metadata/eainfo/overview/eadetcit
SEAD,02774-metadata.xml,/metadata/eainfo/overview/eaover
SEAD,02774-metadata.xml,/metadata/eainfo/overview/eadetcit
SEAD,02774-metadata.xml,/metadata/distinfo/distrib/cntinfo/cntorgp/cntorg
SEAD,02774-metadata.xml,/metadata/distinfo/distrib/cntinfo/cntorgp/cntper
SEAD,02774-metadata.xml,/metadata/distinfo/distrib/cntinfo/cntaddr/addrtype
SEAD,02774-metadata.xml,/metadata/distinfo/distrib/cntinfo/cntaddr/address
SEAD,02774-metadata.xml,/metadata/distinfo/distrib/cntinfo/cntaddr/address
SEAD,02774-metadata.xml,/metadata/distinfo/distrib/cntinfo/cntaddr/city
SEAD,02774-metadata.xml,/metadata/distinfo/distrib/cntinfo/cntaddr/state
SEAD,02774-metadata.xml,/metadata/distinfo/distrib/cntinfo/cntaddr/postal
SEAD,02774-metadata.xml,/metadata/distinfo/distrib/cntinfo/cntaddr/country
SEAD,02774-metadata.xml,/metadata/distinfo/distrib/cntinfo/cntvoice
SEAD,02774-metadata.xml,/metadata/distinfo/distrib/cntinfo/cntemail
SEAD,02774-metadata.xml,/metadata/distinfo/resdesc
SEAD,02774-metadata.xml,/metadata/distinfo/distliab
SEAD,02774-metadata.xml,/metadata/metainfo/metd
SEAD,02774-metadata.xml,/metadata/metainfo/metrd
SEAD,02774-metadata.xml,/metadata/metainfo/metc/cntinfo/cntperp/cntper
SEAD,02774-metadata.xml,/metadata/metainfo/metc/cntinfo/cntperp/cntorg
SEAD,02774-metadata.xml,/metadata/metainfo/metc/cntinfo/cntaddr/addrtype
SEAD,02774-metadata.xml,/metadata/metainfo/metc/cntinfo/cntaddr/address
SEAD,02774-metadata.xml,/metadata/metainfo/metc/cntinfo/cntaddr/address
SEAD,02774-metadata.xml,/metadata/metainfo/metc/cntinfo/cntaddr/address
SEAD,02774-metadata.xml,/metadata/metainfo/metc/cntinfo/cntaddr/city
SEAD,02774-metadata.xml,/metadata/metainfo/metc/cntinfo/cntaddr/state
SEAD,02774-metadata.xml,/metadata/metainfo/metc/cntinfo/cntaddr/postal
SEAD,02774-metadata.xml,/metadata/metainfo/metc/cntinfo/cntaddr/country
SEAD,02774-metadata.xml,/metadata/metainfo/metc/cntinfo/cntvoice
SEAD,02774-metadata.xml,/metadata/metainfo/metc/cntinfo/cntemail
SEAD,02774-metadata.xml,/metadata/metainfo/metstdn
SEAD,02774-metadata.xml,/metadata/metainfo/metstdv
SEAD,02775-metadata.xml,/metadata/idinfo/citation/citeinfo/origin
SEAD,02775-metadata.xml,/metadata/idinfo/citation/citeinfo/origin
SEAD,02775-metadata.xml,/metadata/idinfo/citation/citeinfo/origin
SEAD,02775-metadata.xml,/metadata/idinfo/citation/citeinfo/origin
SEAD,02775-metadata.xml,/metadata/idinfo/citation/citeinfo/origin
SEAD,02775-metadata.xml,/metadata/idinfo/citation/citeinfo/origin
SEAD,02775-metadata.xml,/metadata/idinfo/citation/citeinfo/pubdate
SEAD,02775-metadata.xml,/metadata/idinfo/citation/citeinfo/title
SEAD,02775-metadata.xml,/metadata/idinfo/citation/citeinfo/pubinfo/pubplace
SEAD,02775-metadata.xml,/metadata/idinfo/citation/citeinfo/pubinfo/publish
SEAD,02775-metadata.xml,/metadata/idinfo/citation/citeinfo/onlink
SEAD,02775-metadata.xml,/metadata/idinfo/descript/abstract
SEAD,02775-metadata.xml,/metadata/idinfo/descript/purpose
SEAD,02775-metadata.xml,/metadata/idinfo/timeperd/timeinfo/sngdate/caldate
SEAD,02775-metadata.xml,/metadata/idinfo/timeperd/current
SEAD,02775-metadata.xml,/metadata/idinfo/status/progress
SEAD,02775-metadata.xml,/metadata/idinfo/status/update
SEAD,02775-metadata.xml,/metadata/idinfo/spdom/bounding/westbc
SEAD,02775-metadata.xml,/metadata/idinfo/spdom/bounding/eastbc
SEAD,02775-metadata.xml,/metadata/idinfo/spdom/bounding/northbc
SEAD,02775-metadata.xml,/metadata/idinfo/spdom/bounding/southbc
SEAD,02775-metadata.xml,/metadata/idinfo/keywords/theme/themekt
SEAD,02775-metadata.xml,/metadata/idinfo/keywords/theme/themekey
SEAD,02775-metadata.xml,/metadata/idinfo/keywords/theme/themekey
SEAD,02775-metadata.xml,/metadata/idinfo/keywords/theme/themekey
SEAD,02775-metadata.xml,/metadata/idinfo/keywords/theme/themekt
SEAD,02775-metadata.xml,/metadata/idinfo/keywords/theme/themekey
SEAD,02775-metadata.xml,/metadata/idinfo/keywords/place/placekt
SEAD,02775-metadata.xml,/metadata/idinfo/keywords/place/placekey
SEAD,02775-metadata.xml,/metadata/idinfo/accconst
SEAD,02775-metadata.xml,/metadata/idinfo/useconst
SEAD,02775-metadata.xml,/metadata/idinfo/ptcontac/cntinfo/cntorgp/cntorg
SEAD,02775-metadata.xml,/metadata/idinfo/ptcontac/cntinfo/cntorgp/cntper
SEAD,02775-metadata.xml,/metadata/idinfo/ptcontac/cntinfo/cntaddr/addrtype
SEAD,02775-metadata.xml,/metadata/idinfo/ptcontac/cntinfo/cntaddr/address
SEAD,02775-metadata.xml,/metadata/idinfo/ptcontac/cntinfo/cntaddr/address
SEAD,02775-metadata.xml,/metadata/idinfo/ptcontac/cntinfo/cntaddr/city
SEAD,02775-metadata.xml,/metadata/idinfo/ptcontac/cntinfo/cntaddr/state
SEAD,02775-metadata.xml,/metadata/idinfo/ptcontac/cntinfo/cntaddr/postal
SEAD,02775-metadata.xml,/metadata/idinfo/ptcontac/cntinfo/cntaddr/country
SEAD,02775-metadata.xml,/metadata/idinfo/ptcontac/cntinfo/cntvoice
SEAD,02775-metadata.xml,/metadata/idinfo/datacred
SEAD,02775-metadata.xml,/metadata/distinfo/distrib/cntinfo/cntorgp/cntorg
SEAD,02775-metadata.xml,/metadata/distinfo/distrib/cntinfo/cntaddr/addrtype
SEAD,02775-metadata.xml,/metadata/distinfo/distrib/cntinfo/cntaddr/address
SEAD,02775-metadata.xml,/metadata/distinfo/distrib/cntinfo/cntaddr/address
SEAD,02775-metadata.xml,/metadata/distinfo/distrib/cntinfo/cntaddr/city
SEAD,02775-metadata.xml,/metadata/distinfo/distrib/cntinfo/cntaddr/state
SEAD,02775-metadata.xml,/metadata/distinfo/distrib/cntinfo/cntaddr/postal
SEAD,02775-metadata.xml,/metadata/distinfo/distrib/cntinfo/cntaddr/country
SEAD,02775-metadata.xml,/metadata/distinfo/distrib/cntinfo/cntvoice
SEAD,02775-metadata.xml,/metadata/distinfo/distrib/cntinfo/cntemail
SEAD,02775-metadata.xml,/metadata/distinfo/distliab
SEAD,02775-metadata.xml,/metadata/metainfo/metd
SEAD,02775-metadata.xml,/metadata/metainfo/metc/cntinfo/cntorgp/cntorg
SEAD,02775-metadata.xml,/metadata/metainfo/metc/cntinfo/cntaddr/addrtype
SEAD,02775-metadata.xml,/metadata/metainfo/metc/cntinfo/cntaddr/city
SEAD,02775-metadata.xml,/metadata/metainfo/metc/cntinfo/cntaddr/state
SEAD,02775-metadata.xml,/metadata/metainfo/metc/cntinfo/cntaddr/postal
SEAD,02775-metadata.xml,/metadata/metainfo/metc/cntinfo/cntvoice
SEAD,02775-metadata.xml,/metadata/metainfo/metc/cntinfo/cntemail
SEAD,02775-metadata.xml,/metadata/metainfo/metstdn
SEAD,02775-metadata.xml,/metadata/metainfo/metstdv
SEAD,02776-metadata.xml,/metadata/idinfo/citation/citeinfo/origin
SEAD,02776-metadata.xml,/metadata/idinfo/citation/citeinfo/pubdate
SEAD,02776-metadata.xml,/metadata/idinfo/citation/citeinfo/title
SEAD,02776-metadata.xml,/metadata/idinfo/citation/citeinfo/pubinfo/pubplace
SEAD,02776-metadata.xml,/metadata/idinfo/citation/citeinfo/pubinfo/publish
SEAD,02776-metadata.xml,/metadata/idinfo/citation/citeinfo/onlink
SEAD,02776-metadata.xml,/metadata/idinfo/descript/abstract
SEAD,02776-metadata.xml,/metadata/idinfo/descript/purpose
SEAD,02776-metadata.xml,/metadata/idinfo/timeperd/timeinfo/rngdates/begdate
SEAD,02776-metadata.xml,/metadata/idinfo/timeperd/timeinfo/rngdates/enddate
SEAD,02776-metadata.xml,/metadata/idinfo/timeperd/current
SEAD,02776-metadata.xml,/metadata/idinfo/status/progress
SEAD,02776-metadata.xml,/metadata/idinfo/status/update
SEAD,02776-metadata.xml,/metadata/idinfo/spdom/bounding/westbc
SEAD,02776-metadata.xml,/metadata/idinfo/spdom/bounding/eastbc
SEAD,02776-metadata.xml,/metadata/idinfo/spdom/bounding/northbc
SEAD,02776-metadata.xml,/metadata/idinfo/spdom/bounding/southbc
SEAD,02776-metadata.xml,/metadata/idinfo/keywords/theme/themekt
SEAD,02776-metadata.xml,/metadata/idinfo/keywords/theme/themekey
SEAD,02776-metadata.xml,/metadata/idinfo/keywords/theme/themekey
SEAD,02776-metadata.xml,/metadata/idinfo/keywords/theme/themekey
SEAD,02776-metadata.xml,/metadata/idinfo/keywords/theme/themekt
SEAD,02776-metadata.xml,/metadata/idinfo/keywords/theme/themekey
SEAD,02776-metadata.xml,/metadata/idinfo/keywords/theme/themekt
SEAD,02776-metadata.xml,/metadata/idinfo/keywords/theme/themekey
SEAD,02776-metadata.xml,/metadata/idinfo/keywords/theme/themekt
SEAD,02776-metadata.xml,/metadata/idinfo/keywords/theme/themekey
SEAD,02776-metadata.xml,/metadata/idinfo/keywords/place/placekt
SEAD,02776-metadata.xml,/metadata/idinfo/keywords/place/placekey
SEAD,02776-metadata.xml,/metadata/idinfo/accconst
SEAD,02776-metadata.xml,/metadata/idinfo/useconst
SEAD,02776-metadata.xml,/metadata/idinfo/ptcontac/cntinfo/cntperp/cntper
SEAD,02776-metadata.xml,/metadata/idinfo/ptcontac/cntinfo/cntperp/cntorg
SEAD,02776-metadata.xml,/metadata/idinfo/ptcontac/cntinfo/cntpos
SEAD,02776-metadata.xml,/metadata/idinfo/ptcontac/cntinfo/cntaddr/addrtype
SEAD,02776-metadata.xml,/metadata/idinfo/ptcontac/cntinfo/cntaddr/address
SEAD,02776-metadata.xml,/metadata/idinfo/ptcontac/cntinfo/cntaddr/address
SEAD,02776-metadata.xml,/metadata/idinfo/ptcontac/cntinfo/cntaddr/city
SEAD,02776-metadata.xml,/metadata/idinfo/ptcontac/cntinfo/cntaddr/state
SEAD,02776-metadata.xml,/metadata/idinfo/ptcontac/cntinfo/cntaddr/postal
SEAD,02776-metadata.xml,/metadata/idinfo/ptcontac/cntinfo/cntaddr/country
SEAD,02776-metadata.xml,/metadata/idinfo/ptcontac/cntinfo/cntvoice
SEAD,02776-metadata.xml,/metadata/idinfo/ptcontac/cntinfo/cntemail
SEAD,02776-metadata.xml,/metadata/idinfo/datacred
SEAD,02776-metadata.xml,/metadata/eainfo/overview/eaover
SEAD,02776-metadata.xml,/metadata/eainfo/overview/eadetcit
SEAD,02776-metadata.xml,/metadata/distinfo/distrib/cntinfo/cntorgp/cntorg
SEAD,02776-metadata.xml,/metadata/distinfo/distrib/cntinfo/cntorgp/cntper
SEAD,02776-metadata.xml,/metadata/distinfo/distrib/cntinfo/cntaddr/addrtype
SEAD,02776-metadata.xml,/metadata/distinfo/distrib/cntinfo/cntaddr/address
SEAD,02776-metadata.xml,/metadata/distinfo/distrib/cntinfo/cntaddr/address
SEAD,02776-metadata.xml,/metadata/distinfo/distrib/cntinfo/cntaddr/city
SEAD,02776-metadata.xml,/metadata/distinfo/distrib/cntinfo/cntaddr/state
SEAD,02776-metadata.xml,/metadata/distinfo/distrib/cntinfo/cntaddr/postal
SEAD,02776-metadata.xml,/metadata/distinfo/distrib/cntinfo/cntaddr/country
SEAD,02776-metadata.xml,/metadata/distinfo/distrib/cntinfo/cntvoice
SEAD,02776-metadata.xml,/metadata/distinfo/distrib/cntinfo/cntemail
SEAD,02776-metadata.xml,/metadata/distinfo/resdesc
SEAD,02776-metadata.xml,/metadata/distinfo/distliab
SEAD,02776-metadata.xml,/metadata/metainfo/metd
SEAD,02776-metadata.xml,/metadata/metainfo/metrd
SEAD,02776-metadata.xml,/metadata/metainfo/metc/cntinfo/cntperp/cntper
SEAD,02776-metadata.xml,/metadata/metainfo/metc/cntinfo/cntperp/cntorg
SEAD,02776-metadata.xml,/metadata/metainfo/metc/cntinfo/cntpos
SEAD,02776-metadata.xml,/metadata/metainfo/metc/cntinfo/cntaddr/addrtype
SEAD,02776-metadata.xml,/metadata/metainfo/metc/cntinfo/cntaddr/address
SEAD,02776-metadata.xml,/metadata/metainfo/metc/cntinfo/cntaddr/address
SEAD,02776-metadata.xml,/metadata/metainfo/metc/cntinfo/cntaddr/address
SEAD,02776-metadata.xml,/metadata/metainfo/metc/cntinfo/cntaddr/city
SEAD,02776-metadata.xml,/metadata/metainfo/metc/cntinfo/cntaddr/state
SEAD,02776-metadata.xml,/metadata/metainfo/metc/cntinfo/cntaddr/postal
SEAD,02776-metadata.xml,/metadata/metainfo/metc/cntinfo/cntaddr/country
SEAD,02776-metadata.xml,/metadata/metainfo/metc/cntinfo/cntvoice
SEAD,02776-metadata.xml,/metadata/metainfo/metc/cntinfo/cntfax
SEAD,02776-metadata.xml,/metadata/metainfo/metc/cntinfo/cntemail
SEAD,02776-metadata.xml,/metadata/metainfo/metstdn
SEAD,02776-metadata.xml,/metadata/metainfo/metstdv
SEAD,02777-metadata.xml,/metadata/idinfo/citation/citeinfo/origin
SEAD,02777-metadata.xml,/metadata/idinfo/citation/citeinfo/pubdate
SEAD,02777-metadata.xml,/metadata/idinfo/citation/citeinfo/title
SEAD,02777-metadata.xml,/metadata/idinfo/citation/citeinfo/pubinfo/pubplace
SEAD,02777-metadata.xml,/metadata/idinfo/citation/citeinfo/pubinfo/publish
SEAD,02777-metadata.xml,/metadata/idinfo/citation/citeinfo/onlink
SEAD,02777-metadata.xml,/metadata/idinfo/descript/abstract
SEAD,02777-metadata.xml,/metadata/idinfo/descript/purpose
SEAD,02777-metadata.xml,/metadata/idinfo/timeperd/timeinfo/rngdates/begdate
SEAD,02777-metadata.xml,/metadata/idinfo/timeperd/timeinfo/rngdates/enddate
SEAD,02777-metadata.xml,/metadata/idinfo/timeperd/current
SEAD,02777-metadata.xml,/metadata/idinfo/status/progress
SEAD,02777-metadata.xml,/metadata/idinfo/status/update
SEAD,02777-metadata.xml,/metadata/idinfo/spdom/bounding/westbc
SEAD,02777-metadata.xml,/metadata/idinfo/spdom/bounding/eastbc
SEAD,02777-metadata.xml,/metadata/idinfo/spdom/bounding/northbc
SEAD,02777-metadata.xml,/metadata/idinfo/spdom/bounding/southbc
SEAD,02777-metadata.xml,/metadata/idinfo/keywords/theme/themekt
SEAD,02777-metadata.xml,/metadata/idinfo/keywords/theme/themekey
SEAD,02777-metadata.xml,/metadata/idinfo/keywords/theme/themekey
SEAD,02777-metadata.xml,/metadata/idinfo/keywords/theme/themekey
SEAD,02777-metadata.xml,/metadata/idinfo/keywords/theme/themekt
SEAD,02777-metadata.xml,/metadata/idinfo/keywords/theme/themekey
SEAD,02777-metadata.xml,/metadata/idinfo/keywords/theme/themekey
SEAD,02777-metadata.xml,/metadata/idinfo/accconst
SEAD,02777-metadata.xml,/metadata/idinfo/useconst
SEAD,02777-metadata.xml,/metadata/idinfo/ptcontac/cntinfo/cntperp/cntper
SEAD,02777-metadata.xml,/metadata/idinfo/ptcontac/cntinfo/cntperp/cntorg
SEAD,02777-metadata.xml,/metadata/idinfo/ptcontac/cntinfo/cntpos
SEAD,02777-metadata.xml,/metadata/idinfo/ptcontac/cntinfo/cntaddr/addrtype
SEAD,02777-metadata.xml,/metadata/idinfo/ptcontac/cntinfo/cntaddr/address
SEAD,02777-metadata.xml,/metadata/idinfo/ptcontac/cntinfo/cntaddr/city
SEAD,02777-metadata.xml,/metadata/idinfo/ptcontac/cntinfo/cntaddr/state
SEAD,02777-metadata.xml,/metadata/idinfo/ptcontac/cntinfo/cntaddr/postal
SEAD,02777-metadata.xml,/metadata/idinfo/ptcontac/cntinfo/cntaddr/country
SEAD,02777-metadata.xml,/metadata/idinfo/ptcontac/cntinfo/cntvoice
SEAD,02777-metadata.xml,/metadata/idinfo/ptcontac/cntinfo/cntemail
SEAD,02777-metadata.xml,/metadata/distinfo/distrib/cntinfo/cntorgp/cntorg
SEAD,02777-metadata.xml,/metadata/distinfo/distrib/cntinfo/cntorgp/cntper
SEAD,02777-metadata.xml,/metadata/distinfo/distrib/cntinfo/cntaddr/addrtype
SEAD,02777-metadata.xml,/metadata/distinfo/distrib/cntinfo/cntaddr/address
SEAD,02777-metadata.xml,/metadata/distinfo/distrib/cntinfo/cntaddr/address
SEAD,02777-metadata.xml,/metadata/distinfo/distrib/cntinfo/cntaddr/city
SEAD,02777-metadata.xml,/metadata/distinfo/distrib/cntinfo/cntaddr/state
SEAD,02777-metadata.xml,/metadata/distinfo/distrib/cntinfo/cntaddr/postal
SEAD,02777-metadata.xml,/metadata/distinfo/distrib/cntinfo/cntaddr/country
SEAD,02777-metadata.xml,/metadata/distinfo/distrib/cntinfo/cntvoice
SEAD,02777-metadata.xml,/metadata/distinfo/distrib/cntinfo/cntemail
SEAD,02777-metadata.xml,/metadata/distinfo/resdesc
SEAD,02777-metadata.xml,/metadata/distinfo/distliab
SEAD,02777-metadata.xml,/metadata/metainfo/metd
SEAD,02777-metadata.xml,/metadata/metainfo/metrd
SEAD,02777-metadata.xml,/metadata/metainfo/metc/cntinfo/cntperp/cntper
SEAD,02777-metadata.xml,/metadata/metainfo/metc/cntinfo/cntperp/cntorg
SEAD,02777-metadata.xml,/metadata/metainfo/metc/cntinfo/cntpos
SEAD,02777-metadata.xml,/metadata/metainfo/metc/cntinfo/cntaddr/addrtype
SEAD,02777-metadata.xml,/metadata/metainfo/metc/cntinfo/cntaddr/address
SEAD,02777-metadata.xml,/metadata/metainfo/metc/cntinfo/cntaddr/address
SEAD,02777-metadata.xml,/metadata/metainfo/metc/cntinfo/cntaddr/address
SEAD,02777-metadata.xml,/metadata/metainfo/metc/cntinfo/cntaddr/city
SEAD,02777-metadata.xml,/metadata/metainfo/metc/cntinfo/cntaddr/state
SEAD,02777-metadata.xml,/metadata/metainfo/metc/cntinfo/cntaddr/postal
SEAD,02777-metadata.xml,/metadata/metainfo/metc/cntinfo/cntaddr/country
SEAD,02777-metadata.xml,/metadata/metainfo/metc/cntinfo/cntvoice
SEAD,02777-metadata.xml,/metadata/metainfo/metc/cntinfo/cntfax
SEAD,02777-metadata.xml,/metadata/metainfo/metc/cntinfo/cntemail
SEAD,02777-metadata.xml,/metadata/metainfo/metstdn
SEAD,02777-metadata.xml,/metadata/metainfo/metstdv
SEAD,02778-metadata.xml,/metadata/idinfo/citation/citeinfo/origin
SEAD,02778-metadata.xml,/metadata/idinfo/citation/citeinfo/origin
SEAD,02778-metadata.xml,/metadata/idinfo/citation/citeinfo/pubdate
SEAD,02778-metadata.xml,/metadata/idinfo/citation/citeinfo/title
SEAD,02778-metadata.xml,/metadata/idinfo/citation/citeinfo/pubinfo/pubplace
SEAD,02778-metadata.xml,/metadata/idinfo/citation/citeinfo/pubinfo/publish
SEAD,02778-metadata.xml,/metadata/idinfo/citation/citeinfo/onlink
SEAD,02778-metadata.xml,/metadata/idinfo/descript/abstract
SEAD,02778-metadata.xml,/metadata/idinfo/descript/purpose
SEAD,02778-metadata.xml,/metadata/idinfo/timeperd/timeinfo/rngdates/begdate
SEAD,02778-metadata.xml,/metadata/idinfo/timeperd/timeinfo/rngdates/enddate
SEAD,02778-metadata.xml,/metadata/idinfo/timeperd/current
SEAD,02778-metadata.xml,/metadata/idinfo/status/progress
SEAD,02778-metadata.xml,/metadata/idinfo/status/update
SEAD,02778-metadata.xml,/metadata/idinfo/spdom/bounding/westbc
SEAD,02778-metadata.xml,/metadata/idinfo/spdom/bounding/eastbc
SEAD,02778-metadata.xml,/metadata/idinfo/spdom/bounding/northbc
SEAD,02778-metadata.xml,/metadata/idinfo/spdom/bounding/southbc
SEAD,02778-metadata.xml,/metadata/idinfo/keywords/theme/themekt
SEAD,02778-metadata.xml,/metadata/idinfo/keywords/theme/themekey
SEAD,02778-metadata.xml,/metadata/idinfo/keywords/theme/themekt
SEAD,02778-metadata.xml,/metadata/idinfo/keywords/theme/themekey
SEAD,02778-metadata.xml,/metadata/idinfo/keywords/theme/themekt
SEAD,02778-metadata.xml,/metadata/idinfo/keywords/theme/themekey
SEAD,02778-metadata.xml,/metadata/idinfo/keywords/theme/themekt
SEAD,02778-metadata.xml,/metadata/idinfo/keywords/theme/themekey
SEAD,02778-metadata.xml,/metadata/idinfo/keywords/place/placekt
SEAD,02778-metadata.xml,/metadata/idinfo/keywords/place/placekey
SEAD,02778-metadata.xml,/metadata/idinfo/keywords/place/placekt
SEAD,02778-metadata.xml,/metadata/idinfo/keywords/place/placekey
SEAD,02778-metadata.xml,/metadata/idinfo/accconst
SEAD,02778-metadata.xml,/metadata/idinfo/useconst
SEAD,02778-metadata.xml,/metadata/idinfo/ptcontac/cntinfo/cntperp/cntper
SEAD,02778-metadata.xml,/metadata/idinfo/ptcontac/cntinfo/cntperp/cntorg
SEAD,02778-metadata.xml,/metadata/idinfo/ptcontac/cntinfo/cntpos
SEAD,02778-metadata.xml,/metadata/idinfo/ptcontac/cntinfo/cntaddr/addrtype
SEAD,02778-metadata.xml,/metadata/idinfo/ptcontac/cntinfo/cntaddr/address
SEAD,02778-metadata.xml,/metadata/idinfo/ptcontac/cntinfo/cntaddr/address
SEAD,02778-metadata.xml,/metadata/idinfo/ptcontac/cntinfo/cntaddr/city
SEAD,02778-metadata.xml,/metadata/idinfo/ptcontac/cntinfo/cntaddr/state
SEAD,02778-metadata.xml,/metadata/idinfo/ptcontac/cntinfo/cntaddr/postal
SEAD,02778-metadata.xml,/metadata/idinfo/ptcontac/cntinfo/cntaddr/country
SEAD,02778-metadata.xml,/metadata/idinfo/ptcontac/cntinfo/cntvoice
SEAD,02778-metadata.xml,/metadata/idinfo/ptcontac/cntinfo/cntemail
SEAD,02778-metadata.xml,/metadata/distinfo/distrib/cntinfo/cntorgp/cntorg
SEAD,02778-metadata.xml,/metadata/distinfo/distrib/cntinfo/cntorgp/cntper
SEAD,02778-metadata.xml,/metadata/distinfo/distrib/cntinfo/cntaddr/addrtype
SEAD,02778-metadata.xml,/metadata/distinfo/distrib/cntinfo/cntaddr/address
SEAD,02778-metadata.xml,/metadata/distinfo/distrib/cntinfo/cntaddr/address
SEAD,02778-metadata.xml,/metadata/distinfo/distrib/cntinfo/cntaddr/city
SEAD,02778-metadata.xml,/metadata/distinfo/distrib/cntinfo/cntaddr/state
SEAD,02778-metadata.xml,/metadata/distinfo/distrib/cntinfo/cntaddr/postal
SEAD,02778-metadata.xml,/metadata/distinfo/distrib/cntinfo/cntaddr/country
SEAD,02778-metadata.xml,/metadata/distinfo/distrib/cntinfo/cntvoice
SEAD,02778-metadata.xml,/metadata/distinfo/distrib/cntinfo/cntemail
SEAD,02778-metadata.xml,/metadata/distinfo/resdesc
SEAD,02778-metadata.xml,/metadata/distinfo/distliab
SEAD,02778-metadata.xml,/metadata/distinfo/stdorder/digform/digtinfo/formname
SEAD,02778-metadata.xml,/metadata/distinfo/stdorder/digform/digtinfo/formcont
SEAD,02778-metadata.xml,/metadata/distinfo/stdorder/digform/digtinfo/filedec
SEAD,02778-metadata.xml,/metadata/distinfo/stdorder/digform/digtinfo/transize
SEAD,02778-metadata.xml,/metadata/distinfo/stdorder/digform/digtopt/onlinopt/computer/networka/networkr
SEAD,02778-metadata.xml,/metadata/distinfo/stdorder/digform/digtopt/onlinopt/computer/networka/networkr
SEAD,02778-metadata.xml,/metadata/distinfo/stdorder/digform/digtopt/onlinopt/computer/networka/networkr
SEAD,02778-metadata.xml,/metadata/distinfo/stdorder/digform/digtopt/onlinopt/accinstr
SEAD,02778-metadata.xml,/metadata/distinfo/stdorder/digform/digtopt/onlinopt/oncomp
SEAD,02778-metadata.xml,/metadata/distinfo/stdorder/fees
SEAD,02778-metadata.xml,/metadata/metainfo/metd
SEAD,02778-metadata.xml,/metadata/metainfo/metrd
SEAD,02778-metadata.xml,/metadata/metainfo/metc/cntinfo/cntperp/cntper
SEAD,02778-metadata.xml,/metadata/metainfo/metc/cntinfo/cntperp/cntorg
SEAD,02778-metadata.xml,/metadata/metainfo/metc/cntinfo/cntpos
SEAD,02778-metadata.xml,/metadata/metainfo/metc/cntinfo/cntaddr/addrtype
SEAD,02778-metadata.xml,/metadata/metainfo/metc/cntinfo/cntaddr/address
SEAD,02778-metadata.xml,/metadata/metainfo/metc/cntinfo/cntaddr/address
SEAD,02778-metadata.xml,/metadata/metainfo/metc/cntinfo/cntaddr/address
SEAD,02778-metadata.xml,/metadata/metainfo/metc/cntinfo/cntaddr/city
SEAD,02778-metadata.xml,/metadata/metainfo/metc/cntinfo/cntaddr/state
SEAD,02778-metadata.xml,/metadata/metainfo/metc/cntinfo/cntaddr/postal
SEAD,02778-metadata.xml,/metadata/metainfo/metc/cntinfo/cntaddr/country
SEAD,02778-metadata.xml,/metadata/metainfo/metc/cntinfo/cntvoice
SEAD,02778-metadata.xml,/metadata/metainfo/metc/cntinfo/cntfax
SEAD,02778-metadata.xml,/metadata/metainfo/metc/cntinfo/cntemail
SEAD,02778-metadata.xml,/metadata/metainfo/metstdn
SEAD,02778-metadata.xml,/metadata/metainfo/metstdv
SEAD,02779-metadata.xml,/metadata/@xsi:noNamespaceSchemaLocation
SEAD,02779-metadata.xml,/metadata/idinfo/citation/citeinfo/origin
SEAD,02779-metadata.xml,/metadata/idinfo/citation/citeinfo/pubdate
SEAD,02779-metadata.xml,/metadata/idinfo/citation/citeinfo/title
SEAD,02779-metadata.xml,/metadata/idinfo/citation/citeinfo/onlink
SEAD,02779-metadata.xml,/metadata/idinfo/descript/abstract
SEAD,02779-metadata.xml,/metadata/idinfo/descript/purpose
SEAD,02779-metadata.xml,/metadata/idinfo/timeperd/timeinfo/rngdates/begdate
SEAD,02779-metadata.xml,/metadata/idinfo/timeperd/timeinfo/rngdates/enddate
SEAD,02779-metadata.xml,/metadata/idinfo/timeperd/current
SEAD,02779-metadata.xml,/metadata/idinfo/status/progress
SEAD,02779-metadata.xml,/metadata/idinfo/status/update
SEAD,02779-metadata.xml,/metadata/idinfo/spdom/bounding/westbc
SEAD,02779-metadata.xml,/metadata/idinfo/spdom/bounding/eastbc
SEAD,02779-metadata.xml,/metadata/idinfo/spdom/bounding/northbc
SEAD,02779-metadata.xml,/metadata/idinfo/spdom/bounding/southbc
SEAD,02779-metadata.xml,/metadata/idinfo/keywords/theme/themekt
SEAD,02779-metadata.xml,/metadata/idinfo/keywords/theme/themekey
SEAD,02779-metadata.xml,/metadata/idinfo/keywords/theme/themekey
SEAD,02779-metadata.xml,/metadata/idinfo/keywords/place/placekt
SEAD,02779-metadata.xml,/metadata/idinfo/keywords/place/placekey
SEAD,02779-metadata.xml,/metadata/idinfo/keywords/place/placekey
SEAD,02779-metadata.xml,/metadata/idinfo/keywords/place/placekey
SEAD,02779-metadata.xml,/metadata/idinfo/keywords/place/placekey
SEAD,02779-metadata.xml,/metadata/idinfo/keywords/temporal/tempkt
SEAD,02779-metadata.xml,/metadata/idinfo/keywords/temporal/tempkey
SEAD,02779-metadata.xml,/metadata/idinfo/accconst
SEAD,02779-metadata.xml,/metadata/idinfo/useconst
SEAD,02779-metadata.xml,/metadata/metainfo/metd
SEAD,02779-metadata.xml,/metadata/metainfo/metc/cntinfo/cntperp/cntper
SEAD,02779-metadata.xml,/metadata/metainfo/metc/cntinfo/cntaddr/addrtype
SEAD,02779-metadata.xml,/metadata/metainfo/metc/cntinfo/cntaddr/city
SEAD,02779-metadata.xml,/metadata/metainfo/metc/cntinfo/cntaddr/state
SEAD,02779-metadata.xml,/metadata/metainfo/metc/cntinfo/cntaddr/postal
SEAD,02779-metadata.xml,/metadata/metainfo/metc/cntinfo/cntvoice
SEAD,02779-metadata.xml,/metadata/metainfo/metstdn
SEAD,02779-metadata.xml,/metadata/metainfo/metstdv
SEAD,02780-metadata.xml,/metadata/@xsi:noNamespaceSchemaLocation
SEAD,02780-metadata.xml,/metadata/idinfo/citation/citeinfo/origin
SEAD,02780-metadata.xml,/metadata/idinfo/citation/citeinfo/pubdate
SEAD,02780-metadata.xml,/metadata/idinfo/citation/citeinfo/title
SEAD,02780-metadata.xml,/metadata/idinfo/citation/citeinfo/onlink
SEAD,02780-metadata.xml,/metadata/idinfo/descript/abstract
SEAD,02780-metadata.xml,/metadata/idinfo/descript/purpose
SEAD,02780-metadata.xml,/metadata/idinfo/timeperd/timeinfo/rngdates/begdate
SEAD,02780-metadata.xml,/metadata/idinfo/timeperd/timeinfo/rngdates/enddate
SEAD,02780-metadata.xml,/metadata/idinfo/timeperd/current
SEAD,02780-metadata.xml,/metadata/idinfo/status/progress
SEAD,02780-metadata.xml,/metadata/idinfo/status/update
SEAD,02780-metadata.xml,/metadata/idinfo/spdom/bounding/westbc
SEAD,02780-metadata.xml,/metadata/idinfo/spdom/bounding/eastbc
SEAD,02780-metadata.xml,/metadata/idinfo/spdom/bounding/northbc
SEAD,02780-metadata.xml,/metadata/idinfo/spdom/bounding/southbc
SEAD,02780-metadata.xml,/metadata/idinfo/keywords/theme/themekt
SEAD,02780-metadata.xml,/metadata/idinfo/keywords/theme/themekey
SEAD,02780-metadata.xml,/metadata/idinfo/keywords/theme/themekey
SEAD,02780-metadata.xml,/metadata/idinfo/keywords/place/placekt
SEAD,02780-metadata.xml,/metadata/idinfo/keywords/place/placekey
SEAD,02780-metadata.xml,/metadata/idinfo/keywords/place/placekey
SEAD,02780-metadata.xml,/metadata/idinfo/keywords/place/placekey
SEAD,02780-metadata.xml,/metadata/idinfo/keywords/place/placekey
SEAD,02780-metadata.xml,/metadata/idinfo/keywords/temporal/tempkt
SEAD,02780-metadata.xml,/metadata/idinfo/keywords/temporal/tempkey
SEAD,02780-metadata.xml,/metadata/idinfo/accconst
SEAD,02780-metadata.xml,/metadata/idinfo/useconst
SEAD,02780-metadata.xml,/metadata/metainfo/metd
SEAD,02780-metadata.xml,/metadata/metainfo/metc/cntinfo/cntperp/cntper
SEAD,02780-metadata.xml,/metadata/metainfo/metc/cntinfo/cntaddr/addrtype
SEAD,02780-metadata.xml,/metadata/metainfo/metc/cntinfo/cntaddr/city
SEAD,02780-metadata.xml,/metadata/metainfo/metc/cntinfo/cntaddr/state
SEAD,02780-metadata.xml,/metadata/metainfo/metc/cntinfo/cntaddr/postal
SEAD,02780-metadata.xml,/metadata/metainfo/metc/cntinfo/cntvoice
SEAD,02780-metadata.xml,/metadata/metainfo/metstdn
SEAD,02780-metadata.xml,/metadata/metainfo/metstdv
SEAD,02781-metadata.xml,/metadata/@xsi:noNamespaceSchemaLocation
SEAD,02781-metadata.xml,/metadata/idinfo/citation/citeinfo/origin
SEAD,02781-metadata.xml,/metadata/idinfo/citation/citeinfo/pubdate
SEAD,02781-metadata.xml,/metadata/idinfo/citation/citeinfo/title
SEAD,02781-metadata.xml,/metadata/idinfo/citation/citeinfo/onlink
SEAD,02781-metadata.xml,/metadata/idinfo/descript/abstract
SEAD,02781-metadata.xml,/metadata/idinfo/descript/purpose
SEAD,02781-metadata.xml,/metadata/idinfo/timeperd/timeinfo/rngdates/begdate
SEAD,02781-metadata.xml,/metadata/idinfo/timeperd/timeinfo/rngdates/enddate
SEAD,02781-metadata.xml,/metadata/idinfo/timeperd/current
SEAD,02781-metadata.xml,/metadata/idinfo/status/progress
SEAD,02781-metadata.xml,/metadata/idinfo/status/update
SEAD,02781-metadata.xml,/metadata/idinfo/spdom/bounding/westbc
SEAD,02781-metadata.xml,/metadata/idinfo/spdom/bounding/eastbc
SEAD,02781-metadata.xml,/metadata/idinfo/spdom/bounding/northbc
SEAD,02781-metadata.xml,/metadata/idinfo/spdom/bounding/southbc
SEAD,02781-metadata.xml,/metadata/idinfo/keywords/theme/themekt
SEAD,02781-metadata.xml,/metadata/idinfo/keywords/theme/themekey
SEAD,02781-metadata.xml,/metadata/idinfo/keywords/theme/themekey
SEAD,02781-metadata.xml,/metadata/idinfo/keywords/place/placekt
SEAD,02781-metadata.xml,/metadata/idinfo/keywords/place/placekey
SEAD,02781-metadata.xml,/metadata/idinfo/keywords/place/placekey
SEAD,02781-metadata.xml,/metadata/idinfo/keywords/place/placekey
SEAD,02781-metadata.xml,/metadata/idinfo/keywords/place/placekey
SEAD,02781-metadata.xml,/metadata/idinfo/keywords/temporal/tempkt
SEAD,02781-metadata.xml,/metadata/idinfo/keywords/temporal/tempkey
SEAD,02781-metadata.xml,/metadata/idinfo/accconst
SEAD,02781-metadata.xml,/metadata/idinfo/useconst
SEAD,02781-metadata.xml,/metadata/metainfo/metd
SEAD,02781-metadata.xml,/metadata/metainfo/metc/cntinfo/cntperp/cntper
SEAD,02781-metadata.xml,/metadata/metainfo/metc/cntinfo/cntaddr/addrtype
SEAD,02781-metadata.xml,/metadata/metainfo/metc/cntinfo/cntaddr/city
SEAD,02781-metadata.xml,/metadata/metainfo/metc/cntinfo/cntaddr/state
SEAD,02781-metadata.xml,/metadata/metainfo/metc/cntinfo/cntaddr/postal
SEAD,02781-metadata.xml,/metadata/metainfo/metc/cntinfo/cntvoice
SEAD,02781-metadata.xml,/metadata/metainfo/metstdn
SEAD,02781-metadata.xml,/metadata/metainfo/metstdv
SEAD,02782-metadata.xml,/metadata/@xsi:noNamespaceSchemaLocation
SEAD,02782-metadata.xml,/metadata/idinfo/citation/citeinfo/origin
SEAD,02782-metadata.xml,/metadata/idinfo/citation/citeinfo/pubdate
SEAD,02782-metadata.xml,/metadata/idinfo/citation/citeinfo/title
SEAD,02782-metadata.xml,/metadata/idinfo/citation/citeinfo/onlink
SEAD,02782-metadata.xml,/metadata/idinfo/descript/abstract
SEAD,02782-metadata.xml,/metadata/idinfo/descript/purpose
SEAD,02782-metadata.xml,/metadata/idinfo/timeperd/timeinfo/rngdates/begdate
SEAD,02782-metadata.xml,/metadata/idinfo/timeperd/timeinfo/rngdates/enddate
SEAD,02782-metadata.xml,/metadata/idinfo/timeperd/current
SEAD,02782-metadata.xml,/metadata/idinfo/status/progress
SEAD,02782-metadata.xml,/metadata/idinfo/status/update
SEAD,02782-metadata.xml,/metadata/idinfo/spdom/bounding/westbc
SEAD,02782-metadata.xml,/metadata/idinfo/spdom/bounding/eastbc
SEAD,02782-metadata.xml,/metadata/idinfo/spdom/bounding/northbc
SEAD,02782-metadata.xml,/metadata/idinfo/spdom/bounding/southbc
SEAD,02782-metadata.xml,/metadata/idinfo/keywords/theme/themekt
SEAD,02782-metadata.xml,/metadata/idinfo/keywords/theme/themekey
SEAD,02782-metadata.xml,/metadata/idinfo/keywords/theme/themekey
SEAD,02782-metadata.xml,/metadata/idinfo/keywords/place/placekt
SEAD,02782-metadata.xml,/metadata/idinfo/keywords/place/placekey
SEAD,02782-metadata.xml,/metadata/idinfo/keywords/place/placekey
SEAD,02782-metadata.xml,/metadata/idinfo/keywords/place/placekey
SEAD,02782-metadata.xml,/metadata/idinfo/keywords/place/placekey
SEAD,02782-metadata.xml,/metadata/idinfo/keywords/temporal/tempkt
SEAD,02782-metadata.xml,/metadata/idinfo/keywords/temporal/tempkey
SEAD,02782-metadata.xml,/metadata/idinfo/accconst
SEAD,02782-metadata.xml,/metadata/idinfo/useconst
SEAD,02782-metadata.xml,/metadata/metainfo/metd
SEAD,02782-metadata.xml,/metadata/metainfo/metc/cntinfo/cntperp/cntper
SEAD,02782-metadata.xml,/metadata/metainfo/metc/cntinfo/cntaddr/addrtype
SEAD,02782-metadata.xml,/metadata/metainfo/metc/cntinfo/cntaddr/city
SEAD,02782-metadata.xml,/metadata/metainfo/metc/cntinfo/cntaddr/state
SEAD,02782-metadata.xml,/metadata/metainfo/metc/cntinfo/cntaddr/postal
SEAD,02782-metadata.xml,/metadata/metainfo/metc/cntinfo/cntvoice
SEAD,02782-metadata.xml,/metadata/metainfo/metstdn
SEAD,02782-metadata.xml,/metadata/metainfo/metstdv
SEAD,02783-metadata.xml,/metadata/@xsi:noNamespaceSchemaLocation
SEAD,02783-metadata.xml,/metadata/idinfo/citation/citeinfo/origin
SEAD,02783-metadata.xml,/metadata/idinfo/citation/citeinfo/origin
SEAD,02783-metadata.xml,/metadata/idinfo/citation/citeinfo/origin
SEAD,02783-metadata.xml,/metadata/idinfo/citation/citeinfo/pubdate
SEAD,02783-metadata.xml,/metadata/idinfo/citation/citeinfo/title
SEAD,02783-metadata.xml,/metadata/idinfo/citation/citeinfo/onlink
SEAD,02783-metadata.xml,/metadata/idinfo/descript/abstract
SEAD,02783-metadata.xml,/metadata/idinfo/descript/purpose
SEAD,02783-metadata.xml,/metadata/idinfo/timeperd/timeinfo/rngdates/begdate
SEAD,02783-metadata.xml,/metadata/idinfo/timeperd/timeinfo/rngdates/enddate
SEAD,02783-metadata.xml,/metadata/idinfo/timeperd/current
SEAD,02783-metadata.xml,/metadata/idinfo/status/progress
SEAD,02783-metadata.xml,/metadata/idinfo/status/update
SEAD,02783-metadata.xml,/metadata/idinfo/spdom/bounding/westbc
SEAD,02783-metadata.xml,/metadata/idinfo/spdom/bounding/eastbc
SEAD,02783-metadata.xml,/metadata/idinfo/spdom/bounding/northbc
SEAD,02783-metadata.xml,/metadata/idinfo/spdom/bounding/southbc
SEAD,02783-metadata.xml,/metadata/idinfo/keywords/theme/themekt
SEAD,02783-metadata.xml,/metadata/idinfo/keywords/theme/themekey
SEAD,02783-metadata.xml,/metadata/idinfo/keywords/theme/themekey
SEAD,02783-metadata.xml,/metadata/idinfo/keywords/place/placekt
SEAD,02783-metadata.xml,/metadata/idinfo/keywords/place/placekey
SEAD,02783-metadata.xml,/metadata/idinfo/keywords/place/placekey
SEAD,02783-metadata.xml,/metadata/idinfo/keywords/place/placekey
SEAD,02783-metadata.xml,/metadata/idinfo/keywords/place/placekey
SEAD,02783-metadata.xml,/metadata/idinfo/keywords/temporal/tempkt
SEAD,02783-metadata.xml,/metadata/idinfo/keywords/temporal/tempkey
SEAD,02783-metadata.xml,/metadata/idinfo/accconst
SEAD,02783-metadata.xml,/metadata/idinfo/useconst
SEAD,02783-metadata.xml,/metadata/metainfo/metd
SEAD,02783-metadata.xml,/metadata/metainfo/metc/cntinfo/cntperp/cntper
SEAD,02783-metadata.xml,/metadata/metainfo/metc/cntinfo/cntaddr/addrtype
SEAD,02783-metadata.xml,/metadata/metainfo/metc/cntinfo/cntaddr/city
SEAD,02783-metadata.xml,/metadata/metainfo/metc/cntinfo/cntaddr/state
SEAD,02783-metadata.xml,/metadata/metainfo/metc/cntinfo/cntaddr/postal
SEAD,02783-metadata.xml,/metadata/metainfo/metc/cntinfo/cntvoice
SEAD,02783-metadata.xml,/metadata/metainfo/metstdn
SEAD,02783-metadata.xml,/metadata/metainfo/metstdv
