USGSC,CSDGM,4f4e4773e4b07f02db47e241.xml,Abstract
USGSC,CSDGM,4f4e4773e4b07f02db47e241.xml,Author
USGSC,CSDGM,4f4e4773e4b07f02db47e241.xml,Author / Originator
USGSC,CSDGM,4f4e4773e4b07f02db47e241.xml,Bounding Box
USGSC,CSDGM,4f4e4773e4b07f02db47e241.xml,Browse Description
USGSC,CSDGM,4f4e4773e4b07f02db47e241.xml,Browse File Name
USGSC,CSDGM,4f4e4773e4b07f02db47e241.xml,Browse Format
USGSC,CSDGM,4f4e4773e4b07f02db47e241.xml,Distribution Contact
USGSC,CSDGM,4f4e4773e4b07f02db47e241.xml,Distribution Format
USGSC,CSDGM,4f4e4773e4b07f02db47e241.xml,Distribution Liability
USGSC,CSDGM,4f4e4773e4b07f02db47e241.xml,Easternmost Longitude
USGSC,CSDGM,4f4e4773e4b07f02db47e241.xml,End Time
USGSC,CSDGM,4f4e4773e4b07f02db47e241.xml,Keyword
USGSC,CSDGM,4f4e4773e4b07f02db47e241.xml,Keyword Type
USGSC,CSDGM,4f4e4773e4b07f02db47e241.xml,Keyword Vocabulary
USGSC,CSDGM,4f4e4773e4b07f02db47e241.xml,Maintenance
USGSC,CSDGM,4f4e4773e4b07f02db47e241.xml,Metadata Contact
USGSC,CSDGM,4f4e4773e4b07f02db47e241.xml,Metadata Language
USGSC,CSDGM,4f4e4773e4b07f02db47e241.xml,Metadata Modified Date
USGSC,CSDGM,4f4e4773e4b07f02db47e241.xml,Metadata Standard Citation
USGSC,CSDGM,4f4e4773e4b07f02db47e241.xml,Metadata Standard Version
USGSC,CSDGM,4f4e4773e4b07f02db47e241.xml,Northernmost Latitude
USGSC,CSDGM,4f4e4773e4b07f02db47e241.xml,Organization Name
USGSC,CSDGM,4f4e4773e4b07f02db47e241.xml,Originating Organization
USGSC,CSDGM,4f4e4773e4b07f02db47e241.xml,Phone
USGSC,CSDGM,4f4e4773e4b07f02db47e241.xml,Presentation Form
USGSC,CSDGM,4f4e4773e4b07f02db47e241.xml,Product Link
USGSC,CSDGM,4f4e4773e4b07f02db47e241.xml,Project Website Link
USGSC,CSDGM,4f4e4773e4b07f02db47e241.xml,Publication Date
USGSC,CSDGM,4f4e4773e4b07f02db47e241.xml,Purpose
USGSC,CSDGM,4f4e4773e4b07f02db47e241.xml,Resource Access Constraints
USGSC,CSDGM,4f4e4773e4b07f02db47e241.xml,Resource Citation
USGSC,CSDGM,4f4e4773e4b07f02db47e241.xml,Resource Contact
USGSC,CSDGM,4f4e4773e4b07f02db47e241.xml,Resource Creation/Revision Date
USGSC,CSDGM,4f4e4773e4b07f02db47e241.xml,Resource Distribution
USGSC,CSDGM,4f4e4773e4b07f02db47e241.xml,Resource Format
USGSC,CSDGM,4f4e4773e4b07f02db47e241.xml,Resource Status
USGSC,CSDGM,4f4e4773e4b07f02db47e241.xml,Resource Title
USGSC,CSDGM,4f4e4773e4b07f02db47e241.xml,Resource Type
USGSC,CSDGM,4f4e4773e4b07f02db47e241.xml,Resource Update Frequency
USGSC,CSDGM,4f4e4773e4b07f02db47e241.xml,Resource Use Constraints
USGSC,CSDGM,4f4e4773e4b07f02db47e241.xml,Resource on-line Link
USGSC,CSDGM,4f4e4773e4b07f02db47e241.xml,Rights
USGSC,CSDGM,4f4e4773e4b07f02db47e241.xml,Site
USGSC,CSDGM,4f4e4773e4b07f02db47e241.xml,Southernmost Latitude
USGSC,CSDGM,4f4e4773e4b07f02db47e241.xml,Spatial Extent
USGSC,CSDGM,4f4e4773e4b07f02db47e241.xml,Start Time
USGSC,CSDGM,4f4e4773e4b07f02db47e241.xml,Temporal Extent
USGSC,CSDGM,4f4e4773e4b07f02db47e241.xml,Theme Keyword
USGSC,CSDGM,4f4e4773e4b07f02db47e241.xml,URL
USGSC,CSDGM,4f4e4773e4b07f02db47e241.xml,Westernmost Longitude
USGSC,CSDGM,51360a27e4b03b8ec4025c07.xml,Abstract
USGSC,CSDGM,51360a27e4b03b8ec4025c07.xml,Author
USGSC,CSDGM,51360a27e4b03b8ec4025c07.xml,Author / Originator
USGSC,CSDGM,51360a27e4b03b8ec4025c07.xml,Bounding Box
USGSC,CSDGM,51360a27e4b03b8ec4025c07.xml,Browse Description
USGSC,CSDGM,51360a27e4b03b8ec4025c07.xml,Browse File Name
USGSC,CSDGM,51360a27e4b03b8ec4025c07.xml,Browse Format
USGSC,CSDGM,51360a27e4b03b8ec4025c07.xml,Distribution Contact
USGSC,CSDGM,51360a27e4b03b8ec4025c07.xml,Distribution Format
USGSC,CSDGM,51360a27e4b03b8ec4025c07.xml,Distribution Liability
USGSC,CSDGM,51360a27e4b03b8ec4025c07.xml,Easternmost Longitude
USGSC,CSDGM,51360a27e4b03b8ec4025c07.xml,End Time
USGSC,CSDGM,51360a27e4b03b8ec4025c07.xml,Entity Type Definition
USGSC,CSDGM,51360a27e4b03b8ec4025c07.xml,Entity Type Definition Source
USGSC,CSDGM,51360a27e4b03b8ec4025c07.xml,Entity Type Label
USGSC,CSDGM,51360a27e4b03b8ec4025c07.xml,Entity and Attribute Information
USGSC,CSDGM,51360a27e4b03b8ec4025c07.xml,Keyword
USGSC,CSDGM,51360a27e4b03b8ec4025c07.xml,Keyword Type
USGSC,CSDGM,51360a27e4b03b8ec4025c07.xml,Keyword Vocabulary
USGSC,CSDGM,51360a27e4b03b8ec4025c07.xml,Lineage Statement
USGSC,CSDGM,51360a27e4b03b8ec4025c07.xml,Maintenance
USGSC,CSDGM,51360a27e4b03b8ec4025c07.xml,Metadata Access Constraints
USGSC,CSDGM,51360a27e4b03b8ec4025c07.xml,Metadata Contact
USGSC,CSDGM,51360a27e4b03b8ec4025c07.xml,Metadata Language
USGSC,CSDGM,51360a27e4b03b8ec4025c07.xml,Metadata Modified Date
USGSC,CSDGM,51360a27e4b03b8ec4025c07.xml,Metadata Standard Citation
USGSC,CSDGM,51360a27e4b03b8ec4025c07.xml,Metadata Standard Version
USGSC,CSDGM,51360a27e4b03b8ec4025c07.xml,Metadata Use Constraints
USGSC,CSDGM,51360a27e4b03b8ec4025c07.xml,Northernmost Latitude
USGSC,CSDGM,51360a27e4b03b8ec4025c07.xml,Organization Name
USGSC,CSDGM,51360a27e4b03b8ec4025c07.xml,Originating Organization
USGSC,CSDGM,51360a27e4b03b8ec4025c07.xml,Phone
USGSC,CSDGM,51360a27e4b03b8ec4025c07.xml,Place Keyword
USGSC,CSDGM,51360a27e4b03b8ec4025c07.xml,Place Keyword Vocabulary
USGSC,CSDGM,51360a27e4b03b8ec4025c07.xml,Presentation Form
USGSC,CSDGM,51360a27e4b03b8ec4025c07.xml,Process Step Description
USGSC,CSDGM,51360a27e4b03b8ec4025c07.xml,Process Step Time
USGSC,CSDGM,51360a27e4b03b8ec4025c07.xml,Product Link
USGSC,CSDGM,51360a27e4b03b8ec4025c07.xml,Project Website Link
USGSC,CSDGM,51360a27e4b03b8ec4025c07.xml,Publication Date
USGSC,CSDGM,51360a27e4b03b8ec4025c07.xml,Publisher
USGSC,CSDGM,51360a27e4b03b8ec4025c07.xml,Publisher Location
USGSC,CSDGM,51360a27e4b03b8ec4025c07.xml,Purpose
USGSC,CSDGM,51360a27e4b03b8ec4025c07.xml,Quality Statement
USGSC,CSDGM,51360a27e4b03b8ec4025c07.xml,Resource Access Constraints
USGSC,CSDGM,51360a27e4b03b8ec4025c07.xml,Resource Citation
USGSC,CSDGM,51360a27e4b03b8ec4025c07.xml,Resource Contact
USGSC,CSDGM,51360a27e4b03b8ec4025c07.xml,Resource Creation/Revision Date
USGSC,CSDGM,51360a27e4b03b8ec4025c07.xml,Resource Distribution
USGSC,CSDGM,51360a27e4b03b8ec4025c07.xml,Resource Format
USGSC,CSDGM,51360a27e4b03b8ec4025c07.xml,Resource Lineage
USGSC,CSDGM,51360a27e4b03b8ec4025c07.xml,Resource Quality Description
USGSC,CSDGM,51360a27e4b03b8ec4025c07.xml,Resource Status
USGSC,CSDGM,51360a27e4b03b8ec4025c07.xml,Resource Title
USGSC,CSDGM,51360a27e4b03b8ec4025c07.xml,Resource Type
USGSC,CSDGM,51360a27e4b03b8ec4025c07.xml,Resource Update Frequency
USGSC,CSDGM,51360a27e4b03b8ec4025c07.xml,Resource Use Constraints
USGSC,CSDGM,51360a27e4b03b8ec4025c07.xml,Resource on-line Link
USGSC,CSDGM,51360a27e4b03b8ec4025c07.xml,Rights
USGSC,CSDGM,51360a27e4b03b8ec4025c07.xml,Site
USGSC,CSDGM,51360a27e4b03b8ec4025c07.xml,Southernmost Latitude
USGSC,CSDGM,51360a27e4b03b8ec4025c07.xml,Spatial Extent
USGSC,CSDGM,51360a27e4b03b8ec4025c07.xml,Start Time
USGSC,CSDGM,51360a27e4b03b8ec4025c07.xml,Temporal Extent
USGSC,CSDGM,51360a27e4b03b8ec4025c07.xml,Theme Keyword
USGSC,CSDGM,51360a27e4b03b8ec4025c07.xml,URL
USGSC,CSDGM,51360a27e4b03b8ec4025c07.xml,Westernmost Longitude
USGSC,CSDGM,5138e8e5e4b02c509e50c57f.xml,Abstract
USGSC,CSDGM,5138e8e5e4b02c509e50c57f.xml,Acknowledgement
USGSC,CSDGM,5138e8e5e4b02c509e50c57f.xml,Attribute Definition
USGSC,CSDGM,5138e8e5e4b02c509e50c57f.xml,Attribute Definition Source
USGSC,CSDGM,5138e8e5e4b02c509e50c57f.xml,Attribute Label
USGSC,CSDGM,5138e8e5e4b02c509e50c57f.xml,Attribute List
USGSC,CSDGM,5138e8e5e4b02c509e50c57f.xml,Author
USGSC,CSDGM,5138e8e5e4b02c509e50c57f.xml,Author / Originator
USGSC,CSDGM,5138e8e5e4b02c509e50c57f.xml,Bounding Box
USGSC,CSDGM,5138e8e5e4b02c509e50c57f.xml,Browse Description
USGSC,CSDGM,5138e8e5e4b02c509e50c57f.xml,Browse File Name
USGSC,CSDGM,5138e8e5e4b02c509e50c57f.xml,Browse Format
USGSC,CSDGM,5138e8e5e4b02c509e50c57f.xml,Contributor Name
USGSC,CSDGM,5138e8e5e4b02c509e50c57f.xml,Distribution Contact
USGSC,CSDGM,5138e8e5e4b02c509e50c57f.xml,Distribution Format
USGSC,CSDGM,5138e8e5e4b02c509e50c57f.xml,Distribution Liability
USGSC,CSDGM,5138e8e5e4b02c509e50c57f.xml,Easternmost Longitude
USGSC,CSDGM,5138e8e5e4b02c509e50c57f.xml,End Time
USGSC,CSDGM,5138e8e5e4b02c509e50c57f.xml,Entity Type Definition
USGSC,CSDGM,5138e8e5e4b02c509e50c57f.xml,Entity Type Definition Source
USGSC,CSDGM,5138e8e5e4b02c509e50c57f.xml,Entity Type Label
USGSC,CSDGM,5138e8e5e4b02c509e50c57f.xml,Entity and Attribute Information
USGSC,CSDGM,5138e8e5e4b02c509e50c57f.xml,Enumerated Domain Value
USGSC,CSDGM,5138e8e5e4b02c509e50c57f.xml,Enumerated Domain Value Definition
USGSC,CSDGM,5138e8e5e4b02c509e50c57f.xml,Enumerated Domain Value Definition Source
USGSC,CSDGM,5138e8e5e4b02c509e50c57f.xml,Keyword
USGSC,CSDGM,5138e8e5e4b02c509e50c57f.xml,Keyword Type
USGSC,CSDGM,5138e8e5e4b02c509e50c57f.xml,Keyword Vocabulary
USGSC,CSDGM,5138e8e5e4b02c509e50c57f.xml,Lineage Statement
USGSC,CSDGM,5138e8e5e4b02c509e50c57f.xml,Maintenance
USGSC,CSDGM,5138e8e5e4b02c509e50c57f.xml,Metadata Contact
USGSC,CSDGM,5138e8e5e4b02c509e50c57f.xml,Metadata Language
USGSC,CSDGM,5138e8e5e4b02c509e50c57f.xml,Metadata Modified Date
USGSC,CSDGM,5138e8e5e4b02c509e50c57f.xml,Metadata Standard Citation
USGSC,CSDGM,5138e8e5e4b02c509e50c57f.xml,Metadata Standard Version
USGSC,CSDGM,5138e8e5e4b02c509e50c57f.xml,Northernmost Latitude
USGSC,CSDGM,5138e8e5e4b02c509e50c57f.xml,Organization Name
USGSC,CSDGM,5138e8e5e4b02c509e50c57f.xml,Originating Organization
USGSC,CSDGM,5138e8e5e4b02c509e50c57f.xml,Phone
USGSC,CSDGM,5138e8e5e4b02c509e50c57f.xml,Place Keyword
USGSC,CSDGM,5138e8e5e4b02c509e50c57f.xml,Place Keyword Vocabulary
USGSC,CSDGM,5138e8e5e4b02c509e50c57f.xml,Presentation Form
USGSC,CSDGM,5138e8e5e4b02c509e50c57f.xml,Process Step Description
USGSC,CSDGM,5138e8e5e4b02c509e50c57f.xml,Process Step Time
USGSC,CSDGM,5138e8e5e4b02c509e50c57f.xml,Product Link
USGSC,CSDGM,5138e8e5e4b02c509e50c57f.xml,Project Website Link
USGSC,CSDGM,5138e8e5e4b02c509e50c57f.xml,Publication Date
USGSC,CSDGM,5138e8e5e4b02c509e50c57f.xml,Publisher
USGSC,CSDGM,5138e8e5e4b02c509e50c57f.xml,Publisher Location
USGSC,CSDGM,5138e8e5e4b02c509e50c57f.xml,Purpose
USGSC,CSDGM,5138e8e5e4b02c509e50c57f.xml,Quality Statement
USGSC,CSDGM,5138e8e5e4b02c509e50c57f.xml,Resource Access Constraints
USGSC,CSDGM,5138e8e5e4b02c509e50c57f.xml,Resource Citation
USGSC,CSDGM,5138e8e5e4b02c509e50c57f.xml,Resource Contact
USGSC,CSDGM,5138e8e5e4b02c509e50c57f.xml,Resource Creation/Revision Date
USGSC,CSDGM,5138e8e5e4b02c509e50c57f.xml,Resource Distribution
USGSC,CSDGM,5138e8e5e4b02c509e50c57f.xml,Resource Format
USGSC,CSDGM,5138e8e5e4b02c509e50c57f.xml,Resource Lineage
USGSC,CSDGM,5138e8e5e4b02c509e50c57f.xml,Resource Quality Description
USGSC,CSDGM,5138e8e5e4b02c509e50c57f.xml,Resource Status
USGSC,CSDGM,5138e8e5e4b02c509e50c57f.xml,Resource Title
USGSC,CSDGM,5138e8e5e4b02c509e50c57f.xml,Resource Type
USGSC,CSDGM,5138e8e5e4b02c509e50c57f.xml,Resource Update Frequency
USGSC,CSDGM,5138e8e5e4b02c509e50c57f.xml,Resource Use Constraints
USGSC,CSDGM,5138e8e5e4b02c509e50c57f.xml,Resource on-line Link
USGSC,CSDGM,5138e8e5e4b02c509e50c57f.xml,Rights
USGSC,CSDGM,5138e8e5e4b02c509e50c57f.xml,Site
USGSC,CSDGM,5138e8e5e4b02c509e50c57f.xml,Southernmost Latitude
USGSC,CSDGM,5138e8e5e4b02c509e50c57f.xml,Spatial Extent
USGSC,CSDGM,5138e8e5e4b02c509e50c57f.xml,Start Time
USGSC,CSDGM,5138e8e5e4b02c509e50c57f.xml,Temporal Extent
USGSC,CSDGM,5138e8e5e4b02c509e50c57f.xml,Theme Keyword
USGSC,CSDGM,5138e8e5e4b02c509e50c57f.xml,URL
USGSC,CSDGM,5138e8e5e4b02c509e50c57f.xml,Westernmost Longitude
USGSC,CSDGM,5138f372e4b02c509e50c59c.xml,Abstract
USGSC,CSDGM,5138f372e4b02c509e50c59c.xml,Acknowledgement
USGSC,CSDGM,5138f372e4b02c509e50c59c.xml,Author
USGSC,CSDGM,5138f372e4b02c509e50c59c.xml,Author / Originator
USGSC,CSDGM,5138f372e4b02c509e50c59c.xml,Bounding Box
USGSC,CSDGM,5138f372e4b02c509e50c59c.xml,Browse Description
USGSC,CSDGM,5138f372e4b02c509e50c59c.xml,Browse File Name
USGSC,CSDGM,5138f372e4b02c509e50c59c.xml,Browse Format
USGSC,CSDGM,5138f372e4b02c509e50c59c.xml,Contributor Name
USGSC,CSDGM,5138f372e4b02c509e50c59c.xml,Distribution Contact
USGSC,CSDGM,5138f372e4b02c509e50c59c.xml,Distribution Format
USGSC,CSDGM,5138f372e4b02c509e50c59c.xml,Distribution Liability
USGSC,CSDGM,5138f372e4b02c509e50c59c.xml,Easternmost Longitude
USGSC,CSDGM,5138f372e4b02c509e50c59c.xml,End Time
USGSC,CSDGM,5138f372e4b02c509e50c59c.xml,Entity and Attribute Information
USGSC,CSDGM,5138f372e4b02c509e50c59c.xml,Keyword
USGSC,CSDGM,5138f372e4b02c509e50c59c.xml,Keyword Type
USGSC,CSDGM,5138f372e4b02c509e50c59c.xml,Keyword Vocabulary
USGSC,CSDGM,5138f372e4b02c509e50c59c.xml,Lineage Statement
USGSC,CSDGM,5138f372e4b02c509e50c59c.xml,Maintenance
USGSC,CSDGM,5138f372e4b02c509e50c59c.xml,Metadata Contact
USGSC,CSDGM,5138f372e4b02c509e50c59c.xml,Metadata Language
USGSC,CSDGM,5138f372e4b02c509e50c59c.xml,Metadata Modified Date
USGSC,CSDGM,5138f372e4b02c509e50c59c.xml,Metadata Standard Citation
USGSC,CSDGM,5138f372e4b02c509e50c59c.xml,Metadata Standard Version
USGSC,CSDGM,5138f372e4b02c509e50c59c.xml,Northernmost Latitude
USGSC,CSDGM,5138f372e4b02c509e50c59c.xml,Organization Name
USGSC,CSDGM,5138f372e4b02c509e50c59c.xml,Originating Organization
USGSC,CSDGM,5138f372e4b02c509e50c59c.xml,Overview
USGSC,CSDGM,5138f372e4b02c509e50c59c.xml,Overview Citation
USGSC,CSDGM,5138f372e4b02c509e50c59c.xml,Phone
USGSC,CSDGM,5138f372e4b02c509e50c59c.xml,Presentation Form
USGSC,CSDGM,5138f372e4b02c509e50c59c.xml,Process Step Description
USGSC,CSDGM,5138f372e4b02c509e50c59c.xml,Process Step Time
USGSC,CSDGM,5138f372e4b02c509e50c59c.xml,Product Link
USGSC,CSDGM,5138f372e4b02c509e50c59c.xml,Project Website Link
USGSC,CSDGM,5138f372e4b02c509e50c59c.xml,Publication Date
USGSC,CSDGM,5138f372e4b02c509e50c59c.xml,Purpose
USGSC,CSDGM,5138f372e4b02c509e50c59c.xml,Quality Statement
USGSC,CSDGM,5138f372e4b02c509e50c59c.xml,Resource Access Constraints
USGSC,CSDGM,5138f372e4b02c509e50c59c.xml,Resource Citation
USGSC,CSDGM,5138f372e4b02c509e50c59c.xml,Resource Contact
USGSC,CSDGM,5138f372e4b02c509e50c59c.xml,Resource Creation/Revision Date
USGSC,CSDGM,5138f372e4b02c509e50c59c.xml,Resource Distribution
USGSC,CSDGM,5138f372e4b02c509e50c59c.xml,Resource Format
USGSC,CSDGM,5138f372e4b02c509e50c59c.xml,Resource Lineage
USGSC,CSDGM,5138f372e4b02c509e50c59c.xml,Resource Quality Description
USGSC,CSDGM,5138f372e4b02c509e50c59c.xml,Resource Status
USGSC,CSDGM,5138f372e4b02c509e50c59c.xml,Resource Title
USGSC,CSDGM,5138f372e4b02c509e50c59c.xml,Resource Type
USGSC,CSDGM,5138f372e4b02c509e50c59c.xml,Resource Update Frequency
USGSC,CSDGM,5138f372e4b02c509e50c59c.xml,Resource Use Constraints
USGSC,CSDGM,5138f372e4b02c509e50c59c.xml,Resource on-line Link
USGSC,CSDGM,5138f372e4b02c509e50c59c.xml,Rights
USGSC,CSDGM,5138f372e4b02c509e50c59c.xml,Site
USGSC,CSDGM,5138f372e4b02c509e50c59c.xml,Southernmost Latitude
USGSC,CSDGM,5138f372e4b02c509e50c59c.xml,Spatial Extent
USGSC,CSDGM,5138f372e4b02c509e50c59c.xml,Start Time
USGSC,CSDGM,5138f372e4b02c509e50c59c.xml,Temporal Extent
USGSC,CSDGM,5138f372e4b02c509e50c59c.xml,Theme Keyword
USGSC,CSDGM,5138f372e4b02c509e50c59c.xml,URL
USGSC,CSDGM,5138f372e4b02c509e50c59c.xml,Westernmost Longitude
USGSC,CSDGM,51c45ef1e4b03c77dce65a84.xml,Abstract
USGSC,CSDGM,51c45ef1e4b03c77dce65a84.xml,Author
USGSC,CSDGM,51c45ef1e4b03c77dce65a84.xml,Author / Originator
USGSC,CSDGM,51c45ef1e4b03c77dce65a84.xml,Bounding Box
USGSC,CSDGM,51c45ef1e4b03c77dce65a84.xml,Browse Description
USGSC,CSDGM,51c45ef1e4b03c77dce65a84.xml,Browse File Name
USGSC,CSDGM,51c45ef1e4b03c77dce65a84.xml,Browse Format
USGSC,CSDGM,51c45ef1e4b03c77dce65a84.xml,Distribution Contact
USGSC,CSDGM,51c45ef1e4b03c77dce65a84.xml,Distribution Format
USGSC,CSDGM,51c45ef1e4b03c77dce65a84.xml,Distribution Liability
USGSC,CSDGM,51c45ef1e4b03c77dce65a84.xml,Easternmost Longitude
USGSC,CSDGM,51c45ef1e4b03c77dce65a84.xml,End Time
USGSC,CSDGM,51c45ef1e4b03c77dce65a84.xml,Keyword
USGSC,CSDGM,51c45ef1e4b03c77dce65a84.xml,Keyword Type
USGSC,CSDGM,51c45ef1e4b03c77dce65a84.xml,Keyword Vocabulary
USGSC,CSDGM,51c45ef1e4b03c77dce65a84.xml,Maintenance
USGSC,CSDGM,51c45ef1e4b03c77dce65a84.xml,Metadata Contact
USGSC,CSDGM,51c45ef1e4b03c77dce65a84.xml,Metadata Language
USGSC,CSDGM,51c45ef1e4b03c77dce65a84.xml,Metadata Modified Date
USGSC,CSDGM,51c45ef1e4b03c77dce65a84.xml,Metadata Standard Citation
USGSC,CSDGM,51c45ef1e4b03c77dce65a84.xml,Metadata Standard Version
USGSC,CSDGM,51c45ef1e4b03c77dce65a84.xml,Northernmost Latitude
USGSC,CSDGM,51c45ef1e4b03c77dce65a84.xml,Organization Name
USGSC,CSDGM,51c45ef1e4b03c77dce65a84.xml,Originating Organization
USGSC,CSDGM,51c45ef1e4b03c77dce65a84.xml,Phone
USGSC,CSDGM,51c45ef1e4b03c77dce65a84.xml,Presentation Form
USGSC,CSDGM,51c45ef1e4b03c77dce65a84.xml,Product Link
USGSC,CSDGM,51c45ef1e4b03c77dce65a84.xml,Project Website Link
USGSC,CSDGM,51c45ef1e4b03c77dce65a84.xml,Publication Date
USGSC,CSDGM,51c45ef1e4b03c77dce65a84.xml,Publisher
USGSC,CSDGM,51c45ef1e4b03c77dce65a84.xml,Publisher Location
USGSC,CSDGM,51c45ef1e4b03c77dce65a84.xml,Purpose
USGSC,CSDGM,51c45ef1e4b03c77dce65a84.xml,Related Resource Citation
USGSC,CSDGM,51c45ef1e4b03c77dce65a84.xml,Resource Access Constraints
USGSC,CSDGM,51c45ef1e4b03c77dce65a84.xml,Resource Citation
USGSC,CSDGM,51c45ef1e4b03c77dce65a84.xml,Resource Contact
USGSC,CSDGM,51c45ef1e4b03c77dce65a84.xml,Resource Creation/Revision Date
USGSC,CSDGM,51c45ef1e4b03c77dce65a84.xml,Resource Distribution
USGSC,CSDGM,51c45ef1e4b03c77dce65a84.xml,Resource Format
USGSC,CSDGM,51c45ef1e4b03c77dce65a84.xml,Resource Status
USGSC,CSDGM,51c45ef1e4b03c77dce65a84.xml,Resource Title
USGSC,CSDGM,51c45ef1e4b03c77dce65a84.xml,Resource Type
USGSC,CSDGM,51c45ef1e4b03c77dce65a84.xml,Resource Update Frequency
USGSC,CSDGM,51c45ef1e4b03c77dce65a84.xml,Resource Use Constraints
USGSC,CSDGM,51c45ef1e4b03c77dce65a84.xml,Resource on-line Link
USGSC,CSDGM,51c45ef1e4b03c77dce65a84.xml,Rights
USGSC,CSDGM,51c45ef1e4b03c77dce65a84.xml,Site
USGSC,CSDGM,51c45ef1e4b03c77dce65a84.xml,Southernmost Latitude
USGSC,CSDGM,51c45ef1e4b03c77dce65a84.xml,Spatial Extent
USGSC,CSDGM,51c45ef1e4b03c77dce65a84.xml,Start Time
USGSC,CSDGM,51c45ef1e4b03c77dce65a84.xml,Temporal Extent
USGSC,CSDGM,51c45ef1e4b03c77dce65a84.xml,Theme Keyword
USGSC,CSDGM,51c45ef1e4b03c77dce65a84.xml,URL
USGSC,CSDGM,51c45ef1e4b03c77dce65a84.xml,Westernmost Longitude
USGSC,CSDGM,527d099be4b0850ea0518307.xml,Abstract
USGSC,CSDGM,527d099be4b0850ea0518307.xml,Acknowledgement
USGSC,CSDGM,527d099be4b0850ea0518307.xml,Author
USGSC,CSDGM,527d099be4b0850ea0518307.xml,Author / Originator
USGSC,CSDGM,527d099be4b0850ea0518307.xml,Bounding Box
USGSC,CSDGM,527d099be4b0850ea0518307.xml,Browse Description
USGSC,CSDGM,527d099be4b0850ea0518307.xml,Browse File Name
USGSC,CSDGM,527d099be4b0850ea0518307.xml,Browse Format
USGSC,CSDGM,527d099be4b0850ea0518307.xml,Contributor Name
USGSC,CSDGM,527d099be4b0850ea0518307.xml,Distribution Contact
USGSC,CSDGM,527d099be4b0850ea0518307.xml,Distribution Format
USGSC,CSDGM,527d099be4b0850ea0518307.xml,Distribution Liability
USGSC,CSDGM,527d099be4b0850ea0518307.xml,Easternmost Longitude
USGSC,CSDGM,527d099be4b0850ea0518307.xml,End Time
USGSC,CSDGM,527d099be4b0850ea0518307.xml,Keyword
USGSC,CSDGM,527d099be4b0850ea0518307.xml,Keyword Type
USGSC,CSDGM,527d099be4b0850ea0518307.xml,Keyword Vocabulary
USGSC,CSDGM,527d099be4b0850ea0518307.xml,Lineage Statement
USGSC,CSDGM,527d099be4b0850ea0518307.xml,Maintenance
USGSC,CSDGM,527d099be4b0850ea0518307.xml,Metadata Contact
USGSC,CSDGM,527d099be4b0850ea0518307.xml,Metadata Language
USGSC,CSDGM,527d099be4b0850ea0518307.xml,Metadata Modified Date
USGSC,CSDGM,527d099be4b0850ea0518307.xml,Metadata Standard Citation
USGSC,CSDGM,527d099be4b0850ea0518307.xml,Metadata Standard Version
USGSC,CSDGM,527d099be4b0850ea0518307.xml,Northernmost Latitude
USGSC,CSDGM,527d099be4b0850ea0518307.xml,Organization Name
USGSC,CSDGM,527d099be4b0850ea0518307.xml,Originating Organization
USGSC,CSDGM,527d099be4b0850ea0518307.xml,Phone
USGSC,CSDGM,527d099be4b0850ea0518307.xml,Place Keyword
USGSC,CSDGM,527d099be4b0850ea0518307.xml,Place Keyword Vocabulary
USGSC,CSDGM,527d099be4b0850ea0518307.xml,Presentation Form
USGSC,CSDGM,527d099be4b0850ea0518307.xml,Process Step Description
USGSC,CSDGM,527d099be4b0850ea0518307.xml,Process Step Time
USGSC,CSDGM,527d099be4b0850ea0518307.xml,Product Link
USGSC,CSDGM,527d099be4b0850ea0518307.xml,Project Website Link
USGSC,CSDGM,527d099be4b0850ea0518307.xml,Publication Date
USGSC,CSDGM,527d099be4b0850ea0518307.xml,Purpose
USGSC,CSDGM,527d099be4b0850ea0518307.xml,Quality Statement
USGSC,CSDGM,527d099be4b0850ea0518307.xml,Resource Access Constraints
USGSC,CSDGM,527d099be4b0850ea0518307.xml,Resource Citation
USGSC,CSDGM,527d099be4b0850ea0518307.xml,Resource Contact
USGSC,CSDGM,527d099be4b0850ea0518307.xml,Resource Creation/Revision Date
USGSC,CSDGM,527d099be4b0850ea0518307.xml,Resource Distribution
USGSC,CSDGM,527d099be4b0850ea0518307.xml,Resource Format
USGSC,CSDGM,527d099be4b0850ea0518307.xml,Resource Lineage
USGSC,CSDGM,527d099be4b0850ea0518307.xml,Resource Quality Description
USGSC,CSDGM,527d099be4b0850ea0518307.xml,Resource Status
USGSC,CSDGM,527d099be4b0850ea0518307.xml,Resource Title
USGSC,CSDGM,527d099be4b0850ea0518307.xml,Resource Update Frequency
USGSC,CSDGM,527d099be4b0850ea0518307.xml,Resource Use Constraints
USGSC,CSDGM,527d099be4b0850ea0518307.xml,Resource on-line Link
USGSC,CSDGM,527d099be4b0850ea0518307.xml,Rights
USGSC,CSDGM,527d099be4b0850ea0518307.xml,Site
USGSC,CSDGM,527d099be4b0850ea0518307.xml,Southernmost Latitude
USGSC,CSDGM,527d099be4b0850ea0518307.xml,Spatial Extent
USGSC,CSDGM,527d099be4b0850ea0518307.xml,Start Time
USGSC,CSDGM,527d099be4b0850ea0518307.xml,Temporal Extent
USGSC,CSDGM,527d099be4b0850ea0518307.xml,Theme Keyword
USGSC,CSDGM,527d099be4b0850ea0518307.xml,URL
USGSC,CSDGM,527d099be4b0850ea0518307.xml,Westernmost Longitude
USGSC,CSDGM,527d09f1e4b0850ea0518313.xml,Abstract
USGSC,CSDGM,527d09f1e4b0850ea0518313.xml,Acknowledgement
USGSC,CSDGM,527d09f1e4b0850ea0518313.xml,Attribute Definition
USGSC,CSDGM,527d09f1e4b0850ea0518313.xml,Attribute Definition Source
USGSC,CSDGM,527d09f1e4b0850ea0518313.xml,Attribute Label
USGSC,CSDGM,527d09f1e4b0850ea0518313.xml,Attribute List
USGSC,CSDGM,527d09f1e4b0850ea0518313.xml,Author
USGSC,CSDGM,527d09f1e4b0850ea0518313.xml,Author / Originator
USGSC,CSDGM,527d09f1e4b0850ea0518313.xml,Bounding Box
USGSC,CSDGM,527d09f1e4b0850ea0518313.xml,Contributor Name
USGSC,CSDGM,527d09f1e4b0850ea0518313.xml,Distribution Contact
USGSC,CSDGM,527d09f1e4b0850ea0518313.xml,Distribution Format
USGSC,CSDGM,527d09f1e4b0850ea0518313.xml,Distribution Liability
USGSC,CSDGM,527d09f1e4b0850ea0518313.xml,Easternmost Longitude
USGSC,CSDGM,527d09f1e4b0850ea0518313.xml,End Time
USGSC,CSDGM,527d09f1e4b0850ea0518313.xml,Entity Type Definition
USGSC,CSDGM,527d09f1e4b0850ea0518313.xml,Entity Type Definition Source
USGSC,CSDGM,527d09f1e4b0850ea0518313.xml,Entity Type Label
USGSC,CSDGM,527d09f1e4b0850ea0518313.xml,Entity and Attribute Information
USGSC,CSDGM,527d09f1e4b0850ea0518313.xml,Keyword
USGSC,CSDGM,527d09f1e4b0850ea0518313.xml,Keyword Type
USGSC,CSDGM,527d09f1e4b0850ea0518313.xml,Keyword Vocabulary
USGSC,CSDGM,527d09f1e4b0850ea0518313.xml,Lineage Statement
USGSC,CSDGM,527d09f1e4b0850ea0518313.xml,Maintenance
USGSC,CSDGM,527d09f1e4b0850ea0518313.xml,Metadata Contact
USGSC,CSDGM,527d09f1e4b0850ea0518313.xml,Metadata Language
USGSC,CSDGM,527d09f1e4b0850ea0518313.xml,Metadata Modified Date
USGSC,CSDGM,527d09f1e4b0850ea0518313.xml,Metadata Standard Citation
USGSC,CSDGM,527d09f1e4b0850ea0518313.xml,Metadata Standard Version
USGSC,CSDGM,527d09f1e4b0850ea0518313.xml,Metadata Time Convention
USGSC,CSDGM,527d09f1e4b0850ea0518313.xml,Metadata Use Constraints
USGSC,CSDGM,527d09f1e4b0850ea0518313.xml,Northernmost Latitude
USGSC,CSDGM,527d09f1e4b0850ea0518313.xml,Organization Name
USGSC,CSDGM,527d09f1e4b0850ea0518313.xml,Originating Organization
USGSC,CSDGM,527d09f1e4b0850ea0518313.xml,Phone
USGSC,CSDGM,527d09f1e4b0850ea0518313.xml,Place Keyword
USGSC,CSDGM,527d09f1e4b0850ea0518313.xml,Place Keyword Vocabulary
USGSC,CSDGM,527d09f1e4b0850ea0518313.xml,Presentation Form
USGSC,CSDGM,527d09f1e4b0850ea0518313.xml,Process Step Description
USGSC,CSDGM,527d09f1e4b0850ea0518313.xml,Process Step Time
USGSC,CSDGM,527d09f1e4b0850ea0518313.xml,Product Link
USGSC,CSDGM,527d09f1e4b0850ea0518313.xml,Project Website Link
USGSC,CSDGM,527d09f1e4b0850ea0518313.xml,Publication Date
USGSC,CSDGM,527d09f1e4b0850ea0518313.xml,Purpose
USGSC,CSDGM,527d09f1e4b0850ea0518313.xml,Quality Statement
USGSC,CSDGM,527d09f1e4b0850ea0518313.xml,Range Domain Maximum Value
USGSC,CSDGM,527d09f1e4b0850ea0518313.xml,Range Domain Minimum Value
USGSC,CSDGM,527d09f1e4b0850ea0518313.xml,Resource Access Constraints
USGSC,CSDGM,527d09f1e4b0850ea0518313.xml,Resource Citation
USGSC,CSDGM,527d09f1e4b0850ea0518313.xml,Resource Contact
USGSC,CSDGM,527d09f1e4b0850ea0518313.xml,Resource Creation/Revision Date
USGSC,CSDGM,527d09f1e4b0850ea0518313.xml,Resource Distribution
USGSC,CSDGM,527d09f1e4b0850ea0518313.xml,Resource Format
USGSC,CSDGM,527d09f1e4b0850ea0518313.xml,Resource Lineage
USGSC,CSDGM,527d09f1e4b0850ea0518313.xml,Resource Quality Description
USGSC,CSDGM,527d09f1e4b0850ea0518313.xml,Resource Status
USGSC,CSDGM,527d09f1e4b0850ea0518313.xml,Resource Title
USGSC,CSDGM,527d09f1e4b0850ea0518313.xml,Resource Update Frequency
USGSC,CSDGM,527d09f1e4b0850ea0518313.xml,Resource Use Constraints
USGSC,CSDGM,527d09f1e4b0850ea0518313.xml,Resource on-line Link
USGSC,CSDGM,527d09f1e4b0850ea0518313.xml,Rights
USGSC,CSDGM,527d09f1e4b0850ea0518313.xml,Site
USGSC,CSDGM,527d09f1e4b0850ea0518313.xml,Source Citation
USGSC,CSDGM,527d09f1e4b0850ea0518313.xml,Southernmost Latitude
USGSC,CSDGM,527d09f1e4b0850ea0518313.xml,Spatial Extent
USGSC,CSDGM,527d09f1e4b0850ea0518313.xml,Start Time
USGSC,CSDGM,527d09f1e4b0850ea0518313.xml,Temporal Extent
USGSC,CSDGM,527d09f1e4b0850ea0518313.xml,Theme Keyword
USGSC,CSDGM,527d09f1e4b0850ea0518313.xml,URL
USGSC,CSDGM,527d09f1e4b0850ea0518313.xml,Westernmost Longitude