GES_DISC,DIF,C1233768985.xml,Abstract,
GES_DISC,DIF,C1233768985.xml,Abstract,
GES_DISC,DIF,C1233768985.xml,Award Link,
GES_DISC,DIF,C1233768985.xml,Award Link,
GES_DISC,DIF,C1233768985.xml,Award Link,
GES_DISC,DIF,C1233768985.xml,Award Link,
GES_DISC,DIF,C1233768985.xml,Award Link,
GES_DISC,DIF,C1233768985.xml,Award Link,
GES_DISC,DIF,C1233768985.xml,Award Link,
GES_DISC,DIF,C1233768985.xml,Award Link,
GES_DISC,DIF,C1233768985.xml,Award Link,
GES_DISC,DIF,C1233768985.xml,Award Link,
GES_DISC,DIF,C1233768985.xml,Bounding Box,
GES_DISC,DIF,C1233768985.xml,Bounding Box,
GES_DISC,DIF,C1233768985.xml,Bounding Box,
GES_DISC,DIF,C1233768985.xml,Bounding Box,
GES_DISC,DIF,C1233768985.xml,Easternmost Longitude,
GES_DISC,DIF,C1233768985.xml,Email,
GES_DISC,DIF,C1233768985.xml,First Name,
GES_DISC,DIF,C1233768985.xml,Instrument,
GES_DISC,DIF,C1233768985.xml,Instrument,
GES_DISC,DIF,C1233768985.xml,Instrument Keyword,
GES_DISC,DIF,C1233768985.xml,Instrument Keyword,
GES_DISC,DIF,C1233768985.xml,Instrument Keyword,
GES_DISC,DIF,C1233768985.xml,Instrument Keyword,
GES_DISC,DIF,C1233768985.xml,Instrument Long Name,
GES_DISC,DIF,C1233768985.xml,Instrument Short Name,
GES_DISC,DIF,C1233768985.xml,Instrument Short Name,
GES_DISC,DIF,C1233768985.xml,Keyword,
GES_DISC,DIF,C1233768985.xml,Keyword,
GES_DISC,DIF,C1233768985.xml,Keyword,
GES_DISC,DIF,C1233768985.xml,Keyword,
GES_DISC,DIF,C1233768985.xml,Keyword,
GES_DISC,DIF,C1233768985.xml,Keyword,
GES_DISC,DIF,C1233768985.xml,Keyword,
GES_DISC,DIF,C1233768985.xml,Keyword,
GES_DISC,DIF,C1233768985.xml,Keyword,
GES_DISC,DIF,C1233768985.xml,Keyword,
GES_DISC,DIF,C1233768985.xml,Last Name,
GES_DISC,DIF,C1233768985.xml,Metadata Dates,
GES_DISC,DIF,C1233768985.xml,Metadata Dates,
GES_DISC,DIF,C1233768985.xml,Metadata Identifier,
GES_DISC,DIF,C1233768985.xml,Metadata Modified Date,
GES_DISC,DIF,C1233768985.xml,Metadata Modified Date,
GES_DISC,DIF,C1233768985.xml,Metadata Standard Citation,
GES_DISC,DIF,C1233768985.xml,Metadata Standard Version,
GES_DISC,DIF,C1233768985.xml,Northernmost Latitude,
GES_DISC,DIF,C1233768985.xml,Online Resource Description,
GES_DISC,DIF,C1233768985.xml,Online Resource Description,
GES_DISC,DIF,C1233768985.xml,Online Resource Description,
GES_DISC,DIF,C1233768985.xml,Online Resource Description,
GES_DISC,DIF,C1233768985.xml,Online Resource Description,
GES_DISC,DIF,C1233768985.xml,Online Resource Description,
GES_DISC,DIF,C1233768985.xml,Online Resource Description,
GES_DISC,DIF,C1233768985.xml,Online Resource Description,
GES_DISC,DIF,C1233768985.xml,Online Resource Description,
GES_DISC,DIF,C1233768985.xml,Online Resource Description,
GES_DISC,DIF,C1233768985.xml,Online Resource Name/Title,
GES_DISC,DIF,C1233768985.xml,Party,
GES_DISC,DIF,C1233768985.xml,Party,
GES_DISC,DIF,C1233768985.xml,Party,
GES_DISC,DIF,C1233768985.xml,Party,
GES_DISC,DIF,C1233768985.xml,Platform,
GES_DISC,DIF,C1233768985.xml,Platform,
GES_DISC,DIF,C1233768985.xml,Platform Keyword,
GES_DISC,DIF,C1233768985.xml,Platform Keyword,
GES_DISC,DIF,C1233768985.xml,Platform Long Name,
GES_DISC,DIF,C1233768985.xml,Platform Short Name,
GES_DISC,DIF,C1233768985.xml,Processing Level,
GES_DISC,DIF,C1233768985.xml,Product Link,
GES_DISC,DIF,C1233768985.xml,Product Link,
GES_DISC,DIF,C1233768985.xml,Product Link,
GES_DISC,DIF,C1233768985.xml,Product Link,
GES_DISC,DIF,C1233768985.xml,Product Link,
GES_DISC,DIF,C1233768985.xml,Product Link,
GES_DISC,DIF,C1233768985.xml,Product Link,
GES_DISC,DIF,C1233768985.xml,Product Link,
GES_DISC,DIF,C1233768985.xml,Product Link,
GES_DISC,DIF,C1233768985.xml,Product Link,
GES_DISC,DIF,C1233768985.xml,Project Keyword,
GES_DISC,DIF,C1233768985.xml,Project Keyword,
GES_DISC,DIF,C1233768985.xml,Project Keyword,
GES_DISC,DIF,C1233768985.xml,Project Keyword,
GES_DISC,DIF,C1233768985.xml,Project Name,
GES_DISC,DIF,C1233768985.xml,Project Name,
GES_DISC,DIF,C1233768985.xml,Project Name,
GES_DISC,DIF,C1233768985.xml,Project Name,
GES_DISC,DIF,C1233768985.xml,Project Website Link,
GES_DISC,DIF,C1233768985.xml,Project Website Link,
GES_DISC,DIF,C1233768985.xml,Project Website Link,
GES_DISC,DIF,C1233768985.xml,Project Website Link,
GES_DISC,DIF,C1233768985.xml,Project Website Link,
GES_DISC,DIF,C1233768985.xml,Project Website Link,
GES_DISC,DIF,C1233768985.xml,Project Website Link,
GES_DISC,DIF,C1233768985.xml,Project Website Link,
GES_DISC,DIF,C1233768985.xml,Project Website Link,
GES_DISC,DIF,C1233768985.xml,Project Website Link,
GES_DISC,DIF,C1233768985.xml,Purpose,
GES_DISC,DIF,C1233768985.xml,Quality Statement,
GES_DISC,DIF,C1233768985.xml,Related URL,
GES_DISC,DIF,C1233768985.xml,Related URL,
GES_DISC,DIF,C1233768985.xml,Related URL,
GES_DISC,DIF,C1233768985.xml,Related URL,
GES_DISC,DIF,C1233768985.xml,Related URL,
GES_DISC,DIF,C1233768985.xml,Related URL,
GES_DISC,DIF,C1233768985.xml,Related URL,
GES_DISC,DIF,C1233768985.xml,Related URL,
GES_DISC,DIF,C1233768985.xml,Related URL,
GES_DISC,DIF,C1233768985.xml,Related URL,
GES_DISC,DIF,C1233768985.xml,Resource Citation,
GES_DISC,DIF,C1233768985.xml,Resource Status,
GES_DISC,DIF,C1233768985.xml,Resource Title,
GES_DISC,DIF,C1233768985.xml,Resource Use Constraints,
GES_DISC,DIF,C1233768985.xml,Resource on-line Link,
GES_DISC,DIF,C1233768985.xml,Resource on-line Link,
GES_DISC,DIF,C1233768985.xml,Resource on-line Link,
GES_DISC,DIF,C1233768985.xml,Resource on-line Link,
GES_DISC,DIF,C1233768985.xml,Resource on-line Link,
GES_DISC,DIF,C1233768985.xml,Resource on-line Link,
GES_DISC,DIF,C1233768985.xml,Resource on-line Link,
GES_DISC,DIF,C1233768985.xml,Resource on-line Link,
GES_DISC,DIF,C1233768985.xml,Resource on-line Link,
GES_DISC,DIF,C1233768985.xml,Resource on-line Link,
GES_DISC,DIF,C1233768985.xml,Responsibility,
GES_DISC,DIF,C1233768985.xml,Responsibility,
GES_DISC,DIF,C1233768985.xml,Responsibility,
GES_DISC,DIF,C1233768985.xml,Responsibility,
GES_DISC,DIF,C1233768985.xml,Responsibility,
GES_DISC,DIF,C1233768985.xml,Role,
GES_DISC,DIF,C1233768985.xml,Security Constraints,
GES_DISC,DIF,C1233768985.xml,Southernmost Latitude,
GES_DISC,DIF,C1233768985.xml,Spatial Extent,
GES_DISC,DIF,C1233768985.xml,Spatial Extent,
GES_DISC,DIF,C1233768985.xml,Spatial Extent,
GES_DISC,DIF,C1233768985.xml,Spatial Extent,
GES_DISC,DIF,C1233768985.xml,Spatial Representation,
GES_DISC,DIF,C1233768985.xml,Spatial Representation,
GES_DISC,DIF,C1233768985.xml,Spatial Representation,
GES_DISC,DIF,C1233768985.xml,Spatial Representation,
GES_DISC,DIF,C1233768985.xml,Spatial Representation,
GES_DISC,DIF,C1233768985.xml,Start Time,
GES_DISC,DIF,C1233768985.xml,Temporal Extent,
GES_DISC,DIF,C1233768985.xml,Theme Keyword,
GES_DISC,DIF,C1233768985.xml,Theme Keyword,
GES_DISC,DIF,C1233768985.xml,Theme Keyword,
GES_DISC,DIF,C1233768985.xml,Theme Keyword,
GES_DISC,DIF,C1233768985.xml,Theme Keyword,
GES_DISC,DIF,C1233768985.xml,Westernmost Longitude,
GES_DISC,DIF,C1233769002.xml,Abstract,
GES_DISC,DIF,C1233769002.xml,Abstract,
GES_DISC,DIF,C1233769002.xml,Award Link,
GES_DISC,DIF,C1233769002.xml,Award Link,
GES_DISC,DIF,C1233769002.xml,Award Link,
GES_DISC,DIF,C1233769002.xml,Award Link,
GES_DISC,DIF,C1233769002.xml,Award Link,
GES_DISC,DIF,C1233769002.xml,Award Link,
GES_DISC,DIF,C1233769002.xml,Award Link,
GES_DISC,DIF,C1233769002.xml,Award Link,
GES_DISC,DIF,C1233769002.xml,Award Link,
GES_DISC,DIF,C1233769002.xml,Award Link,
GES_DISC,DIF,C1233769002.xml,Award Link,
GES_DISC,DIF,C1233769002.xml,Bounding Box,
GES_DISC,DIF,C1233769002.xml,Bounding Box,
GES_DISC,DIF,C1233769002.xml,Bounding Box,
GES_DISC,DIF,C1233769002.xml,Bounding Box,
GES_DISC,DIF,C1233769002.xml,Easternmost Longitude,
GES_DISC,DIF,C1233769002.xml,Email,
GES_DISC,DIF,C1233769002.xml,First Name,
GES_DISC,DIF,C1233769002.xml,Instrument,
GES_DISC,DIF,C1233769002.xml,Instrument,
GES_DISC,DIF,C1233769002.xml,Instrument Keyword,
GES_DISC,DIF,C1233769002.xml,Instrument Keyword,
GES_DISC,DIF,C1233769002.xml,Instrument Keyword,
GES_DISC,DIF,C1233769002.xml,Instrument Keyword,
GES_DISC,DIF,C1233769002.xml,Instrument Long Name,
GES_DISC,DIF,C1233769002.xml,Instrument Short Name,
GES_DISC,DIF,C1233769002.xml,Instrument Short Name,
GES_DISC,DIF,C1233769002.xml,Keyword,
GES_DISC,DIF,C1233769002.xml,Keyword,
GES_DISC,DIF,C1233769002.xml,Keyword,
GES_DISC,DIF,C1233769002.xml,Keyword,
GES_DISC,DIF,C1233769002.xml,Keyword,
GES_DISC,DIF,C1233769002.xml,Keyword,
GES_DISC,DIF,C1233769002.xml,Keyword,
GES_DISC,DIF,C1233769002.xml,Keyword,
GES_DISC,DIF,C1233769002.xml,Keyword,
GES_DISC,DIF,C1233769002.xml,Keyword,
GES_DISC,DIF,C1233769002.xml,Last Name,
GES_DISC,DIF,C1233769002.xml,Metadata Dates,
GES_DISC,DIF,C1233769002.xml,Metadata Dates,
GES_DISC,DIF,C1233769002.xml,Metadata Identifier,
GES_DISC,DIF,C1233769002.xml,Metadata Modified Date,
GES_DISC,DIF,C1233769002.xml,Metadata Modified Date,
GES_DISC,DIF,C1233769002.xml,Metadata Standard Citation,
GES_DISC,DIF,C1233769002.xml,Metadata Standard Version,
GES_DISC,DIF,C1233769002.xml,Northernmost Latitude,
GES_DISC,DIF,C1233769002.xml,Online Resource Description,
GES_DISC,DIF,C1233769002.xml,Online Resource Description,
GES_DISC,DIF,C1233769002.xml,Online Resource Description,
GES_DISC,DIF,C1233769002.xml,Online Resource Description,
GES_DISC,DIF,C1233769002.xml,Online Resource Description,
GES_DISC,DIF,C1233769002.xml,Online Resource Description,
GES_DISC,DIF,C1233769002.xml,Online Resource Description,
GES_DISC,DIF,C1233769002.xml,Online Resource Description,
GES_DISC,DIF,C1233769002.xml,Online Resource Description,
GES_DISC,DIF,C1233769002.xml,Online Resource Description,
GES_DISC,DIF,C1233769002.xml,Online Resource Name/Title,
GES_DISC,DIF,C1233769002.xml,Party,
GES_DISC,DIF,C1233769002.xml,Party,
GES_DISC,DIF,C1233769002.xml,Party,
GES_DISC,DIF,C1233769002.xml,Party,
GES_DISC,DIF,C1233769002.xml,Platform,
GES_DISC,DIF,C1233769002.xml,Platform,
GES_DISC,DIF,C1233769002.xml,Platform Keyword,
GES_DISC,DIF,C1233769002.xml,Platform Keyword,
GES_DISC,DIF,C1233769002.xml,Platform Long Name,
GES_DISC,DIF,C1233769002.xml,Platform Short Name,
GES_DISC,DIF,C1233769002.xml,Processing Level,
GES_DISC,DIF,C1233769002.xml,Product Link,
GES_DISC,DIF,C1233769002.xml,Product Link,
GES_DISC,DIF,C1233769002.xml,Product Link,
GES_DISC,DIF,C1233769002.xml,Product Link,
GES_DISC,DIF,C1233769002.xml,Product Link,
GES_DISC,DIF,C1233769002.xml,Product Link,
GES_DISC,DIF,C1233769002.xml,Product Link,
GES_DISC,DIF,C1233769002.xml,Product Link,
GES_DISC,DIF,C1233769002.xml,Product Link,
GES_DISC,DIF,C1233769002.xml,Product Link,
GES_DISC,DIF,C1233769002.xml,Product Link,
GES_DISC,DIF,C1233769002.xml,Project Keyword,
GES_DISC,DIF,C1233769002.xml,Project Keyword,
GES_DISC,DIF,C1233769002.xml,Project Keyword,
GES_DISC,DIF,C1233769002.xml,Project Keyword,
GES_DISC,DIF,C1233769002.xml,Project Name,
GES_DISC,DIF,C1233769002.xml,Project Name,
GES_DISC,DIF,C1233769002.xml,Project Name,
GES_DISC,DIF,C1233769002.xml,Project Name,
GES_DISC,DIF,C1233769002.xml,Project Website Link,
GES_DISC,DIF,C1233769002.xml,Project Website Link,
GES_DISC,DIF,C1233769002.xml,Project Website Link,
GES_DISC,DIF,C1233769002.xml,Project Website Link,
GES_DISC,DIF,C1233769002.xml,Project Website Link,
GES_DISC,DIF,C1233769002.xml,Project Website Link,
GES_DISC,DIF,C1233769002.xml,Project Website Link,
GES_DISC,DIF,C1233769002.xml,Project Website Link,
GES_DISC,DIF,C1233769002.xml,Project Website Link,
GES_DISC,DIF,C1233769002.xml,Project Website Link,
GES_DISC,DIF,C1233769002.xml,Project Website Link,
GES_DISC,DIF,C1233769002.xml,Purpose,
GES_DISC,DIF,C1233769002.xml,Quality Statement,
GES_DISC,DIF,C1233769002.xml,Related URL,
GES_DISC,DIF,C1233769002.xml,Related URL,
GES_DISC,DIF,C1233769002.xml,Related URL,
GES_DISC,DIF,C1233769002.xml,Related URL,
GES_DISC,DIF,C1233769002.xml,Related URL,
GES_DISC,DIF,C1233769002.xml,Related URL,
GES_DISC,DIF,C1233769002.xml,Related URL,
GES_DISC,DIF,C1233769002.xml,Related URL,
GES_DISC,DIF,C1233769002.xml,Related URL,
GES_DISC,DIF,C1233769002.xml,Related URL,
GES_DISC,DIF,C1233769002.xml,Related URL,
GES_DISC,DIF,C1233769002.xml,Resource Citation,
GES_DISC,DIF,C1233769002.xml,Resource Status,
GES_DISC,DIF,C1233769002.xml,Resource Title,
GES_DISC,DIF,C1233769002.xml,Resource Use Constraints,
GES_DISC,DIF,C1233769002.xml,Resource on-line Link,
GES_DISC,DIF,C1233769002.xml,Resource on-line Link,
GES_DISC,DIF,C1233769002.xml,Resource on-line Link,
GES_DISC,DIF,C1233769002.xml,Resource on-line Link,
GES_DISC,DIF,C1233769002.xml,Resource on-line Link,
GES_DISC,DIF,C1233769002.xml,Resource on-line Link,
GES_DISC,DIF,C1233769002.xml,Resource on-line Link,
GES_DISC,DIF,C1233769002.xml,Resource on-line Link,
GES_DISC,DIF,C1233769002.xml,Resource on-line Link,
GES_DISC,DIF,C1233769002.xml,Resource on-line Link,
GES_DISC,DIF,C1233769002.xml,Resource on-line Link,
GES_DISC,DIF,C1233769002.xml,Responsibility,
GES_DISC,DIF,C1233769002.xml,Responsibility,
GES_DISC,DIF,C1233769002.xml,Responsibility,
GES_DISC,DIF,C1233769002.xml,Responsibility,
GES_DISC,DIF,C1233769002.xml,Responsibility,
GES_DISC,DIF,C1233769002.xml,Role,
GES_DISC,DIF,C1233769002.xml,Security Constraints,
GES_DISC,DIF,C1233769002.xml,Southernmost Latitude,
GES_DISC,DIF,C1233769002.xml,Spatial Extent,
GES_DISC,DIF,C1233769002.xml,Spatial Extent,
GES_DISC,DIF,C1233769002.xml,Spatial Extent,
GES_DISC,DIF,C1233769002.xml,Spatial Extent,
GES_DISC,DIF,C1233769002.xml,Spatial Representation,
GES_DISC,DIF,C1233769002.xml,Spatial Representation,
GES_DISC,DIF,C1233769002.xml,Spatial Representation,
GES_DISC,DIF,C1233769002.xml,Spatial Representation,
GES_DISC,DIF,C1233769002.xml,Spatial Representation,
GES_DISC,DIF,C1233769002.xml,Start Time,
GES_DISC,DIF,C1233769002.xml,Temporal Extent,
GES_DISC,DIF,C1233769002.xml,Theme Keyword,
GES_DISC,DIF,C1233769002.xml,Theme Keyword,
GES_DISC,DIF,C1233769002.xml,Theme Keyword,
GES_DISC,DIF,C1233769002.xml,Theme Keyword,
GES_DISC,DIF,C1233769002.xml,Theme Keyword,
GES_DISC,DIF,C1233769002.xml,Theme Keyword,
GES_DISC,DIF,C1233769002.xml,Theme Keyword,
GES_DISC,DIF,C1233769002.xml,Theme Keyword,
GES_DISC,DIF,C1233769002.xml,Theme Keyword,
GES_DISC,DIF,C1233769002.xml,Theme Keyword,
GES_DISC,DIF,C1233769002.xml,Theme Keyword,
GES_DISC,DIF,C1233769002.xml,Theme Keyword,
GES_DISC,DIF,C1233769002.xml,Theme Keyword,
GES_DISC,DIF,C1233769002.xml,Theme Keyword,
GES_DISC,DIF,C1233769002.xml,Theme Keyword,
GES_DISC,DIF,C1233769002.xml,Theme Keyword,
GES_DISC,DIF,C1233769002.xml,Theme Keyword,
GES_DISC,DIF,C1233769002.xml,Theme Keyword,
GES_DISC,DIF,C1233769002.xml,Theme Keyword,
GES_DISC,DIF,C1233769002.xml,Theme Keyword,
GES_DISC,DIF,C1233769002.xml,Theme Keyword,
GES_DISC,DIF,C1233769002.xml,Theme Keyword,
GES_DISC,DIF,C1233769002.xml,Theme Keyword,
GES_DISC,DIF,C1233769002.xml,Theme Keyword,
GES_DISC,DIF,C1233769002.xml,Theme Keyword,
GES_DISC,DIF,C1233769002.xml,Theme Keyword,
GES_DISC,DIF,C1233769002.xml,Theme Keyword,
GES_DISC,DIF,C1233769002.xml,Theme Keyword,
GES_DISC,DIF,C1233769002.xml,Theme Keyword,
GES_DISC,DIF,C1233769002.xml,Theme Keyword,
GES_DISC,DIF,C1233769002.xml,Theme Keyword,
GES_DISC,DIF,C1233769002.xml,Theme Keyword,
GES_DISC,DIF,C1233769002.xml,Theme Keyword,
GES_DISC,DIF,C1233769002.xml,Theme Keyword,
GES_DISC,DIF,C1233769002.xml,Theme Keyword,
GES_DISC,DIF,C1233769002.xml,Theme Keyword,
GES_DISC,DIF,C1233769002.xml,Theme Keyword,
GES_DISC,DIF,C1233769002.xml,Theme Keyword,
GES_DISC,DIF,C1233769002.xml,Theme Keyword,
GES_DISC,DIF,C1233769002.xml,Theme Keyword,
GES_DISC,DIF,C1233769002.xml,Theme Keyword,
GES_DISC,DIF,C1233769002.xml,Theme Keyword,
GES_DISC,DIF,C1233769002.xml,Theme Keyword,
GES_DISC,DIF,C1233769002.xml,Theme Keyword,
GES_DISC,DIF,C1233769002.xml,Theme Keyword,
GES_DISC,DIF,C1233769002.xml,Theme Keyword,
GES_DISC,DIF,C1233769002.xml,Theme Keyword,
GES_DISC,DIF,C1233769002.xml,Theme Keyword,
GES_DISC,DIF,C1233769002.xml,Theme Keyword,
GES_DISC,DIF,C1233769002.xml,Theme Keyword,
GES_DISC,DIF,C1233769002.xml,Theme Keyword,
GES_DISC,DIF,C1233769002.xml,Theme Keyword,
GES_DISC,DIF,C1233769002.xml,Theme Keyword,
GES_DISC,DIF,C1233769002.xml,Theme Keyword,
GES_DISC,DIF,C1233769002.xml,Theme Keyword,
GES_DISC,DIF,C1233769002.xml,Theme Keyword,
GES_DISC,DIF,C1233769002.xml,Theme Keyword,
GES_DISC,DIF,C1233769002.xml,Theme Keyword,
GES_DISC,DIF,C1233769002.xml,Theme Keyword,
GES_DISC,DIF,C1233769002.xml,Theme Keyword,
GES_DISC,DIF,C1233769002.xml,Theme Keyword,
GES_DISC,DIF,C1233769002.xml,Theme Keyword,
GES_DISC,DIF,C1233769002.xml,Theme Keyword,
GES_DISC,DIF,C1233769002.xml,Theme Keyword,
GES_DISC,DIF,C1233769002.xml,Theme Keyword,
GES_DISC,DIF,C1233769002.xml,Theme Keyword,
GES_DISC,DIF,C1233769002.xml,Theme Keyword,
GES_DISC,DIF,C1233769002.xml,Theme Keyword,
GES_DISC,DIF,C1233769002.xml,Theme Keyword,
GES_DISC,DIF,C1233769002.xml,Theme Keyword,
GES_DISC,DIF,C1233769002.xml,Theme Keyword,
GES_DISC,DIF,C1233769002.xml,Theme Keyword,
GES_DISC,DIF,C1233769002.xml,Theme Keyword,
GES_DISC,DIF,C1233769002.xml,Westernmost Longitude,
GES_DISC,DIF,C1233769003.xml,Abstract,
GES_DISC,DIF,C1233769003.xml,Abstract,
GES_DISC,DIF,C1233769003.xml,Award Link,
GES_DISC,DIF,C1233769003.xml,Award Link,
GES_DISC,DIF,C1233769003.xml,Award Link,
GES_DISC,DIF,C1233769003.xml,Award Link,
GES_DISC,DIF,C1233769003.xml,Award Link,
GES_DISC,DIF,C1233769003.xml,Award Link,
GES_DISC,DIF,C1233769003.xml,Award Link,
GES_DISC,DIF,C1233769003.xml,Award Link,
GES_DISC,DIF,C1233769003.xml,Award Link,
GES_DISC,DIF,C1233769003.xml,Award Link,
GES_DISC,DIF,C1233769003.xml,Bounding Box,
GES_DISC,DIF,C1233769003.xml,Bounding Box,
GES_DISC,DIF,C1233769003.xml,Bounding Box,
GES_DISC,DIF,C1233769003.xml,Bounding Box,
GES_DISC,DIF,C1233769003.xml,Easternmost Longitude,
GES_DISC,DIF,C1233769003.xml,Email,
GES_DISC,DIF,C1233769003.xml,First Name,
GES_DISC,DIF,C1233769003.xml,Instrument,
GES_DISC,DIF,C1233769003.xml,Instrument,
GES_DISC,DIF,C1233769003.xml,Instrument Keyword,
GES_DISC,DIF,C1233769003.xml,Instrument Keyword,
GES_DISC,DIF,C1233769003.xml,Instrument Keyword,
GES_DISC,DIF,C1233769003.xml,Instrument Keyword,
GES_DISC,DIF,C1233769003.xml,Instrument Long Name,
GES_DISC,DIF,C1233769003.xml,Instrument Short Name,
GES_DISC,DIF,C1233769003.xml,Instrument Short Name,
GES_DISC,DIF,C1233769003.xml,Keyword,
GES_DISC,DIF,C1233769003.xml,Keyword,
GES_DISC,DIF,C1233769003.xml,Keyword,
GES_DISC,DIF,C1233769003.xml,Keyword,
GES_DISC,DIF,C1233769003.xml,Keyword,
GES_DISC,DIF,C1233769003.xml,Keyword,
GES_DISC,DIF,C1233769003.xml,Keyword,
GES_DISC,DIF,C1233769003.xml,Keyword,
GES_DISC,DIF,C1233769003.xml,Keyword,
GES_DISC,DIF,C1233769003.xml,Keyword,
GES_DISC,DIF,C1233769003.xml,Last Name,
GES_DISC,DIF,C1233769003.xml,Metadata Dates,
GES_DISC,DIF,C1233769003.xml,Metadata Dates,
GES_DISC,DIF,C1233769003.xml,Metadata Identifier,
GES_DISC,DIF,C1233769003.xml,Metadata Modified Date,
GES_DISC,DIF,C1233769003.xml,Metadata Modified Date,
GES_DISC,DIF,C1233769003.xml,Metadata Standard Citation,
GES_DISC,DIF,C1233769003.xml,Metadata Standard Version,
GES_DISC,DIF,C1233769003.xml,Northernmost Latitude,
GES_DISC,DIF,C1233769003.xml,Online Resource Description,
GES_DISC,DIF,C1233769003.xml,Online Resource Description,
GES_DISC,DIF,C1233769003.xml,Online Resource Description,
GES_DISC,DIF,C1233769003.xml,Online Resource Description,
GES_DISC,DIF,C1233769003.xml,Online Resource Description,
GES_DISC,DIF,C1233769003.xml,Online Resource Description,
GES_DISC,DIF,C1233769003.xml,Online Resource Description,
GES_DISC,DIF,C1233769003.xml,Online Resource Description,
GES_DISC,DIF,C1233769003.xml,Online Resource Description,
GES_DISC,DIF,C1233769003.xml,Online Resource Description,
GES_DISC,DIF,C1233769003.xml,Online Resource Name/Title,
GES_DISC,DIF,C1233769003.xml,Party,
GES_DISC,DIF,C1233769003.xml,Party,
GES_DISC,DIF,C1233769003.xml,Party,
GES_DISC,DIF,C1233769003.xml,Party,
GES_DISC,DIF,C1233769003.xml,Platform,
GES_DISC,DIF,C1233769003.xml,Platform,
GES_DISC,DIF,C1233769003.xml,Platform Keyword,
GES_DISC,DIF,C1233769003.xml,Platform Keyword,
GES_DISC,DIF,C1233769003.xml,Platform Long Name,
GES_DISC,DIF,C1233769003.xml,Platform Short Name,
GES_DISC,DIF,C1233769003.xml,Processing Level,
GES_DISC,DIF,C1233769003.xml,Product Link,
GES_DISC,DIF,C1233769003.xml,Product Link,
GES_DISC,DIF,C1233769003.xml,Product Link,
GES_DISC,DIF,C1233769003.xml,Product Link,
GES_DISC,DIF,C1233769003.xml,Product Link,
GES_DISC,DIF,C1233769003.xml,Product Link,
GES_DISC,DIF,C1233769003.xml,Product Link,
GES_DISC,DIF,C1233769003.xml,Product Link,
GES_DISC,DIF,C1233769003.xml,Product Link,
GES_DISC,DIF,C1233769003.xml,Product Link,
GES_DISC,DIF,C1233769003.xml,Project Keyword,
GES_DISC,DIF,C1233769003.xml,Project Keyword,
GES_DISC,DIF,C1233769003.xml,Project Keyword,
GES_DISC,DIF,C1233769003.xml,Project Keyword,
GES_DISC,DIF,C1233769003.xml,Project Name,
GES_DISC,DIF,C1233769003.xml,Project Name,
GES_DISC,DIF,C1233769003.xml,Project Name,
GES_DISC,DIF,C1233769003.xml,Project Name,
GES_DISC,DIF,C1233769003.xml,Project Website Link,
GES_DISC,DIF,C1233769003.xml,Project Website Link,
GES_DISC,DIF,C1233769003.xml,Project Website Link,
GES_DISC,DIF,C1233769003.xml,Project Website Link,
GES_DISC,DIF,C1233769003.xml,Project Website Link,
GES_DISC,DIF,C1233769003.xml,Project Website Link,
GES_DISC,DIF,C1233769003.xml,Project Website Link,
GES_DISC,DIF,C1233769003.xml,Project Website Link,
GES_DISC,DIF,C1233769003.xml,Project Website Link,
GES_DISC,DIF,C1233769003.xml,Project Website Link,
GES_DISC,DIF,C1233769003.xml,Purpose,
GES_DISC,DIF,C1233769003.xml,Quality Statement,
GES_DISC,DIF,C1233769003.xml,Related URL,
GES_DISC,DIF,C1233769003.xml,Related URL,
GES_DISC,DIF,C1233769003.xml,Related URL,
GES_DISC,DIF,C1233769003.xml,Related URL,
GES_DISC,DIF,C1233769003.xml,Related URL,
GES_DISC,DIF,C1233769003.xml,Related URL,
GES_DISC,DIF,C1233769003.xml,Related URL,
GES_DISC,DIF,C1233769003.xml,Related URL,
GES_DISC,DIF,C1233769003.xml,Related URL,
GES_DISC,DIF,C1233769003.xml,Related URL,
GES_DISC,DIF,C1233769003.xml,Resource Citation,
GES_DISC,DIF,C1233769003.xml,Resource Status,
GES_DISC,DIF,C1233769003.xml,Resource Title,
GES_DISC,DIF,C1233769003.xml,Resource Use Constraints,
GES_DISC,DIF,C1233769003.xml,Resource on-line Link,
GES_DISC,DIF,C1233769003.xml,Resource on-line Link,
GES_DISC,DIF,C1233769003.xml,Resource on-line Link,
GES_DISC,DIF,C1233769003.xml,Resource on-line Link,
GES_DISC,DIF,C1233769003.xml,Resource on-line Link,
GES_DISC,DIF,C1233769003.xml,Resource on-line Link,
GES_DISC,DIF,C1233769003.xml,Resource on-line Link,
GES_DISC,DIF,C1233769003.xml,Resource on-line Link,
GES_DISC,DIF,C1233769003.xml,Resource on-line Link,
GES_DISC,DIF,C1233769003.xml,Resource on-line Link,
GES_DISC,DIF,C1233769003.xml,Responsibility,
GES_DISC,DIF,C1233769003.xml,Responsibility,
GES_DISC,DIF,C1233769003.xml,Responsibility,
GES_DISC,DIF,C1233769003.xml,Responsibility,
GES_DISC,DIF,C1233769003.xml,Responsibility,
GES_DISC,DIF,C1233769003.xml,Role,
GES_DISC,DIF,C1233769003.xml,Security Constraints,
GES_DISC,DIF,C1233769003.xml,Southernmost Latitude,
GES_DISC,DIF,C1233769003.xml,Spatial Extent,
GES_DISC,DIF,C1233769003.xml,Spatial Extent,
GES_DISC,DIF,C1233769003.xml,Spatial Extent,
GES_DISC,DIF,C1233769003.xml,Spatial Extent,
GES_DISC,DIF,C1233769003.xml,Spatial Representation,
GES_DISC,DIF,C1233769003.xml,Spatial Representation,
GES_DISC,DIF,C1233769003.xml,Spatial Representation,
GES_DISC,DIF,C1233769003.xml,Spatial Representation,
GES_DISC,DIF,C1233769003.xml,Spatial Representation,
GES_DISC,DIF,C1233769003.xml,Start Time,
GES_DISC,DIF,C1233769003.xml,Temporal Extent,
GES_DISC,DIF,C1233769003.xml,Theme Keyword,
GES_DISC,DIF,C1233769003.xml,Theme Keyword,
GES_DISC,DIF,C1233769003.xml,Theme Keyword,
GES_DISC,DIF,C1233769003.xml,Theme Keyword,
GES_DISC,DIF,C1233769003.xml,Theme Keyword,
GES_DISC,DIF,C1233769003.xml,Theme Keyword,
GES_DISC,DIF,C1233769003.xml,Theme Keyword,
GES_DISC,DIF,C1233769003.xml,Theme Keyword,
GES_DISC,DIF,C1233769003.xml,Theme Keyword,
GES_DISC,DIF,C1233769003.xml,Theme Keyword,
GES_DISC,DIF,C1233769003.xml,Theme Keyword,
GES_DISC,DIF,C1233769003.xml,Theme Keyword,
GES_DISC,DIF,C1233769003.xml,Theme Keyword,
GES_DISC,DIF,C1233769003.xml,Theme Keyword,
GES_DISC,DIF,C1233769003.xml,Theme Keyword,
GES_DISC,DIF,C1233769003.xml,Theme Keyword,
GES_DISC,DIF,C1233769003.xml,Theme Keyword,
GES_DISC,DIF,C1233769003.xml,Theme Keyword,
GES_DISC,DIF,C1233769003.xml,Theme Keyword,
GES_DISC,DIF,C1233769003.xml,Theme Keyword,
GES_DISC,DIF,C1233769003.xml,Theme Keyword,
GES_DISC,DIF,C1233769003.xml,Theme Keyword,
GES_DISC,DIF,C1233769003.xml,Theme Keyword,
GES_DISC,DIF,C1233769003.xml,Theme Keyword,
GES_DISC,DIF,C1233769003.xml,Theme Keyword,
GES_DISC,DIF,C1233769003.xml,Theme Keyword,
GES_DISC,DIF,C1233769003.xml,Theme Keyword,
GES_DISC,DIF,C1233769003.xml,Theme Keyword,
GES_DISC,DIF,C1233769003.xml,Theme Keyword,
GES_DISC,DIF,C1233769003.xml,Theme Keyword,
GES_DISC,DIF,C1233769003.xml,Theme Keyword,
GES_DISC,DIF,C1233769003.xml,Theme Keyword,
GES_DISC,DIF,C1233769003.xml,Theme Keyword,
GES_DISC,DIF,C1233769003.xml,Theme Keyword,
GES_DISC,DIF,C1233769003.xml,Theme Keyword,
GES_DISC,DIF,C1233769003.xml,Theme Keyword,
GES_DISC,DIF,C1233769003.xml,Theme Keyword,
GES_DISC,DIF,C1233769003.xml,Theme Keyword,
GES_DISC,DIF,C1233769003.xml,Theme Keyword,
GES_DISC,DIF,C1233769003.xml,Theme Keyword,
GES_DISC,DIF,C1233769003.xml,Theme Keyword,
GES_DISC,DIF,C1233769003.xml,Theme Keyword,
GES_DISC,DIF,C1233769003.xml,Theme Keyword,
GES_DISC,DIF,C1233769003.xml,Theme Keyword,
GES_DISC,DIF,C1233769003.xml,Theme Keyword,
GES_DISC,DIF,C1233769003.xml,Theme Keyword,
GES_DISC,DIF,C1233769003.xml,Theme Keyword,
GES_DISC,DIF,C1233769003.xml,Theme Keyword,
GES_DISC,DIF,C1233769003.xml,Theme Keyword,
GES_DISC,DIF,C1233769003.xml,Theme Keyword,
GES_DISC,DIF,C1233769003.xml,Theme Keyword,
GES_DISC,DIF,C1233769003.xml,Theme Keyword,
GES_DISC,DIF,C1233769003.xml,Theme Keyword,
GES_DISC,DIF,C1233769003.xml,Theme Keyword,
GES_DISC,DIF,C1233769003.xml,Theme Keyword,
GES_DISC,DIF,C1233769003.xml,Theme Keyword,
GES_DISC,DIF,C1233769003.xml,Theme Keyword,
GES_DISC,DIF,C1233769003.xml,Theme Keyword,
GES_DISC,DIF,C1233769003.xml,Theme Keyword,
GES_DISC,DIF,C1233769003.xml,Theme Keyword,
GES_DISC,DIF,C1233769003.xml,Theme Keyword,
GES_DISC,DIF,C1233769003.xml,Theme Keyword,
GES_DISC,DIF,C1233769003.xml,Theme Keyword,
GES_DISC,DIF,C1233769003.xml,Theme Keyword,
GES_DISC,DIF,C1233769003.xml,Theme Keyword,
GES_DISC,DIF,C1233769003.xml,Theme Keyword,
GES_DISC,DIF,C1233769003.xml,Theme Keyword,
GES_DISC,DIF,C1233769003.xml,Theme Keyword,
GES_DISC,DIF,C1233769003.xml,Theme Keyword,
GES_DISC,DIF,C1233769003.xml,Theme Keyword,
GES_DISC,DIF,C1233769003.xml,Theme Keyword,
GES_DISC,DIF,C1233769003.xml,Theme Keyword,
GES_DISC,DIF,C1233769003.xml,Theme Keyword,
GES_DISC,DIF,C1233769003.xml,Theme Keyword,
GES_DISC,DIF,C1233769003.xml,Theme Keyword,
GES_DISC,DIF,C1233769003.xml,Theme Keyword,
GES_DISC,DIF,C1233769003.xml,Theme Keyword,
GES_DISC,DIF,C1233769003.xml,Theme Keyword,
GES_DISC,DIF,C1233769003.xml,Theme Keyword,
GES_DISC,DIF,C1233769003.xml,Theme Keyword,
GES_DISC,DIF,C1233769003.xml,Theme Keyword,
GES_DISC,DIF,C1233769003.xml,Theme Keyword,
GES_DISC,DIF,C1233769003.xml,Theme Keyword,
GES_DISC,DIF,C1233769003.xml,Theme Keyword,
GES_DISC,DIF,C1233769003.xml,Theme Keyword,
GES_DISC,DIF,C1233769003.xml,Theme Keyword,
GES_DISC,DIF,C1233769003.xml,Westernmost Longitude,
GES_DISC,DIF,C1243477316.xml,Abstract,
GES_DISC,DIF,C1243477316.xml,Abstract,
GES_DISC,DIF,C1243477316.xml,Award Link,
GES_DISC,DIF,C1243477316.xml,Award Link,
GES_DISC,DIF,C1243477316.xml,Award Link,
GES_DISC,DIF,C1243477316.xml,Award Link,
GES_DISC,DIF,C1243477316.xml,Award Link,
GES_DISC,DIF,C1243477316.xml,Award Link,
GES_DISC,DIF,C1243477316.xml,Award Link,
GES_DISC,DIF,C1243477316.xml,Award Link,
GES_DISC,DIF,C1243477316.xml,Award Link,
GES_DISC,DIF,C1243477316.xml,Bounding Box,
GES_DISC,DIF,C1243477316.xml,Bounding Box,
GES_DISC,DIF,C1243477316.xml,Bounding Box,
GES_DISC,DIF,C1243477316.xml,Bounding Box,
GES_DISC,DIF,C1243477316.xml,Easternmost Longitude,
GES_DISC,DIF,C1243477316.xml,Email,
GES_DISC,DIF,C1243477316.xml,End Time,
GES_DISC,DIF,C1243477316.xml,First Name,
GES_DISC,DIF,C1243477316.xml,Instrument,
GES_DISC,DIF,C1243477316.xml,Instrument,
GES_DISC,DIF,C1243477316.xml,Instrument,
GES_DISC,DIF,C1243477316.xml,Instrument Keyword,
GES_DISC,DIF,C1243477316.xml,Instrument Keyword,
GES_DISC,DIF,C1243477316.xml,Instrument Keyword,
GES_DISC,DIF,C1243477316.xml,Instrument Keyword,
GES_DISC,DIF,C1243477316.xml,Instrument Keyword,
GES_DISC,DIF,C1243477316.xml,Instrument Keyword,
GES_DISC,DIF,C1243477316.xml,Instrument Long Name,
GES_DISC,DIF,C1243477316.xml,Instrument Short Name,
GES_DISC,DIF,C1243477316.xml,Instrument Short Name,
GES_DISC,DIF,C1243477316.xml,Instrument Short Name,
GES_DISC,DIF,C1243477316.xml,Keyword,
GES_DISC,DIF,C1243477316.xml,Keyword,
GES_DISC,DIF,C1243477316.xml,Keyword,
GES_DISC,DIF,C1243477316.xml,Keyword,
GES_DISC,DIF,C1243477316.xml,Keyword,
GES_DISC,DIF,C1243477316.xml,Keyword,
GES_DISC,DIF,C1243477316.xml,Keyword,
GES_DISC,DIF,C1243477316.xml,Keyword,
GES_DISC,DIF,C1243477316.xml,Keyword,
GES_DISC,DIF,C1243477316.xml,Keyword,
GES_DISC,DIF,C1243477316.xml,Last Name,
GES_DISC,DIF,C1243477316.xml,Metadata Dates,
GES_DISC,DIF,C1243477316.xml,Metadata Dates,
GES_DISC,DIF,C1243477316.xml,Metadata Identifier,
GES_DISC,DIF,C1243477316.xml,Metadata Modified Date,
GES_DISC,DIF,C1243477316.xml,Metadata Modified Date,
GES_DISC,DIF,C1243477316.xml,Metadata Standard Citation,
GES_DISC,DIF,C1243477316.xml,Metadata Standard Version,
GES_DISC,DIF,C1243477316.xml,Northernmost Latitude,
GES_DISC,DIF,C1243477316.xml,Online Resource Description,
GES_DISC,DIF,C1243477316.xml,Online Resource Description,
GES_DISC,DIF,C1243477316.xml,Online Resource Description,
GES_DISC,DIF,C1243477316.xml,Online Resource Description,
GES_DISC,DIF,C1243477316.xml,Online Resource Description,
GES_DISC,DIF,C1243477316.xml,Online Resource Description,
GES_DISC,DIF,C1243477316.xml,Online Resource Description,
GES_DISC,DIF,C1243477316.xml,Online Resource Description,
GES_DISC,DIF,C1243477316.xml,Online Resource Name/Title,
GES_DISC,DIF,C1243477316.xml,Party,
GES_DISC,DIF,C1243477316.xml,Party,
GES_DISC,DIF,C1243477316.xml,Party,
GES_DISC,DIF,C1243477316.xml,Party,
GES_DISC,DIF,C1243477316.xml,Platform,
GES_DISC,DIF,C1243477316.xml,Platform,
GES_DISC,DIF,C1243477316.xml,Platform Keyword,
GES_DISC,DIF,C1243477316.xml,Platform Keyword,
GES_DISC,DIF,C1243477316.xml,Platform Long Name,
GES_DISC,DIF,C1243477316.xml,Platform Short Name,
GES_DISC,DIF,C1243477316.xml,Processing Level,
GES_DISC,DIF,C1243477316.xml,Product Link,
GES_DISC,DIF,C1243477316.xml,Product Link,
GES_DISC,DIF,C1243477316.xml,Product Link,
GES_DISC,DIF,C1243477316.xml,Product Link,
GES_DISC,DIF,C1243477316.xml,Product Link,
GES_DISC,DIF,C1243477316.xml,Product Link,
GES_DISC,DIF,C1243477316.xml,Product Link,
GES_DISC,DIF,C1243477316.xml,Product Link,
GES_DISC,DIF,C1243477316.xml,Product Link,
GES_DISC,DIF,C1243477316.xml,Project Keyword,
GES_DISC,DIF,C1243477316.xml,Project Keyword,
GES_DISC,DIF,C1243477316.xml,Project Name,
GES_DISC,DIF,C1243477316.xml,Project Name,
GES_DISC,DIF,C1243477316.xml,Project Website Link,
GES_DISC,DIF,C1243477316.xml,Project Website Link,
GES_DISC,DIF,C1243477316.xml,Project Website Link,
GES_DISC,DIF,C1243477316.xml,Project Website Link,
GES_DISC,DIF,C1243477316.xml,Project Website Link,
GES_DISC,DIF,C1243477316.xml,Project Website Link,
GES_DISC,DIF,C1243477316.xml,Project Website Link,
GES_DISC,DIF,C1243477316.xml,Project Website Link,
GES_DISC,DIF,C1243477316.xml,Project Website Link,
GES_DISC,DIF,C1243477316.xml,Purpose,
GES_DISC,DIF,C1243477316.xml,Quality Statement,
GES_DISC,DIF,C1243477316.xml,Related URL,
GES_DISC,DIF,C1243477316.xml,Related URL,
GES_DISC,DIF,C1243477316.xml,Related URL,
GES_DISC,DIF,C1243477316.xml,Related URL,
GES_DISC,DIF,C1243477316.xml,Related URL,
GES_DISC,DIF,C1243477316.xml,Related URL,
GES_DISC,DIF,C1243477316.xml,Related URL,
GES_DISC,DIF,C1243477316.xml,Related URL,
GES_DISC,DIF,C1243477316.xml,Related URL,
GES_DISC,DIF,C1243477316.xml,Resource Citation,
GES_DISC,DIF,C1243477316.xml,Resource Status,
GES_DISC,DIF,C1243477316.xml,Resource Title,
GES_DISC,DIF,C1243477316.xml,Resource Use Constraints,
GES_DISC,DIF,C1243477316.xml,Resource on-line Link,
GES_DISC,DIF,C1243477316.xml,Resource on-line Link,
GES_DISC,DIF,C1243477316.xml,Resource on-line Link,
GES_DISC,DIF,C1243477316.xml,Resource on-line Link,
GES_DISC,DIF,C1243477316.xml,Resource on-line Link,
GES_DISC,DIF,C1243477316.xml,Resource on-line Link,
GES_DISC,DIF,C1243477316.xml,Resource on-line Link,
GES_DISC,DIF,C1243477316.xml,Resource on-line Link,
GES_DISC,DIF,C1243477316.xml,Resource on-line Link,
GES_DISC,DIF,C1243477316.xml,Responsibility,
GES_DISC,DIF,C1243477316.xml,Responsibility,
GES_DISC,DIF,C1243477316.xml,Responsibility,
GES_DISC,DIF,C1243477316.xml,Responsibility,
GES_DISC,DIF,C1243477316.xml,Responsibility,
GES_DISC,DIF,C1243477316.xml,Role,
GES_DISC,DIF,C1243477316.xml,Security Constraints,
GES_DISC,DIF,C1243477316.xml,Southernmost Latitude,
GES_DISC,DIF,C1243477316.xml,Spatial Extent,
GES_DISC,DIF,C1243477316.xml,Spatial Extent,
GES_DISC,DIF,C1243477316.xml,Spatial Extent,
GES_DISC,DIF,C1243477316.xml,Spatial Extent,
GES_DISC,DIF,C1243477316.xml,Spatial Representation,
GES_DISC,DIF,C1243477316.xml,Spatial Representation,
GES_DISC,DIF,C1243477316.xml,Spatial Representation,
GES_DISC,DIF,C1243477316.xml,Spatial Representation,
GES_DISC,DIF,C1243477316.xml,Spatial Representation,
GES_DISC,DIF,C1243477316.xml,Start Time,
GES_DISC,DIF,C1243477316.xml,Temporal Extent,
GES_DISC,DIF,C1243477316.xml,Temporal Extent,
GES_DISC,DIF,C1243477316.xml,Theme Keyword,
GES_DISC,DIF,C1243477316.xml,Theme Keyword,
GES_DISC,DIF,C1243477316.xml,Theme Keyword,
GES_DISC,DIF,C1243477316.xml,Theme Keyword,
GES_DISC,DIF,C1243477316.xml,Theme Keyword,
GES_DISC,DIF,C1243477316.xml,Westernmost Longitude,
GES_DISC,DIF,C1243477376.xml,Abstract,
GES_DISC,DIF,C1243477376.xml,Abstract,
GES_DISC,DIF,C1243477376.xml,Author,
GES_DISC,DIF,C1243477376.xml,Award Link,
GES_DISC,DIF,C1243477376.xml,Award Link,
GES_DISC,DIF,C1243477376.xml,Award Link,
GES_DISC,DIF,C1243477376.xml,Award Link,
GES_DISC,DIF,C1243477376.xml,Award Link,
GES_DISC,DIF,C1243477376.xml,Award Link,
GES_DISC,DIF,C1243477376.xml,Award Link,
GES_DISC,DIF,C1243477376.xml,Award Link,
GES_DISC,DIF,C1243477376.xml,Award Link,
GES_DISC,DIF,C1243477376.xml,Bounding Box,
GES_DISC,DIF,C1243477376.xml,Bounding Box,
GES_DISC,DIF,C1243477376.xml,Bounding Box,
GES_DISC,DIF,C1243477376.xml,Bounding Box,
GES_DISC,DIF,C1243477376.xml,Cited Resource Title,
GES_DISC,DIF,C1243477376.xml,Easternmost Longitude,
GES_DISC,DIF,C1243477376.xml,Email,
GES_DISC,DIF,C1243477376.xml,End Time,
GES_DISC,DIF,C1243477376.xml,First Name,
GES_DISC,DIF,C1243477376.xml,Instrument,
GES_DISC,DIF,C1243477376.xml,Instrument,
GES_DISC,DIF,C1243477376.xml,Instrument,
GES_DISC,DIF,C1243477376.xml,Instrument Keyword,
GES_DISC,DIF,C1243477376.xml,Instrument Keyword,
GES_DISC,DIF,C1243477376.xml,Instrument Keyword,
GES_DISC,DIF,C1243477376.xml,Instrument Keyword,
GES_DISC,DIF,C1243477376.xml,Instrument Keyword,
GES_DISC,DIF,C1243477376.xml,Instrument Keyword,
GES_DISC,DIF,C1243477376.xml,Instrument Long Name,
GES_DISC,DIF,C1243477376.xml,Instrument Short Name,
GES_DISC,DIF,C1243477376.xml,Instrument Short Name,
GES_DISC,DIF,C1243477376.xml,Instrument Short Name,
GES_DISC,DIF,C1243477376.xml,Keyword,
GES_DISC,DIF,C1243477376.xml,Keyword,
GES_DISC,DIF,C1243477376.xml,Keyword,
GES_DISC,DIF,C1243477376.xml,Keyword,
GES_DISC,DIF,C1243477376.xml,Keyword,
GES_DISC,DIF,C1243477376.xml,Keyword,
GES_DISC,DIF,C1243477376.xml,Keyword,
GES_DISC,DIF,C1243477376.xml,Keyword,
GES_DISC,DIF,C1243477376.xml,Keyword,
GES_DISC,DIF,C1243477376.xml,Keyword,
GES_DISC,DIF,C1243477376.xml,Last Name,
GES_DISC,DIF,C1243477376.xml,Metadata Dates,
GES_DISC,DIF,C1243477376.xml,Metadata Dates,
GES_DISC,DIF,C1243477376.xml,Metadata Identifier,
GES_DISC,DIF,C1243477376.xml,Metadata Modified Date,
GES_DISC,DIF,C1243477376.xml,Metadata Modified Date,
GES_DISC,DIF,C1243477376.xml,Metadata Standard Citation,
GES_DISC,DIF,C1243477376.xml,Metadata Standard Version,
GES_DISC,DIF,C1243477376.xml,Northernmost Latitude,
GES_DISC,DIF,C1243477376.xml,Online Resource,
GES_DISC,DIF,C1243477376.xml,Online Resource Description,
GES_DISC,DIF,C1243477376.xml,Online Resource Description,
GES_DISC,DIF,C1243477376.xml,Online Resource Description,
GES_DISC,DIF,C1243477376.xml,Online Resource Description,
GES_DISC,DIF,C1243477376.xml,Online Resource Description,
GES_DISC,DIF,C1243477376.xml,Online Resource Description,
GES_DISC,DIF,C1243477376.xml,Online Resource Description,
GES_DISC,DIF,C1243477376.xml,Online Resource Description,
GES_DISC,DIF,C1243477376.xml,Online Resource Name/Title,
GES_DISC,DIF,C1243477376.xml,Party,
GES_DISC,DIF,C1243477376.xml,Party,
GES_DISC,DIF,C1243477376.xml,Party,
GES_DISC,DIF,C1243477376.xml,Party,
GES_DISC,DIF,C1243477376.xml,Platform,
GES_DISC,DIF,C1243477376.xml,Platform,
GES_DISC,DIF,C1243477376.xml,Platform Keyword,
GES_DISC,DIF,C1243477376.xml,Platform Keyword,
GES_DISC,DIF,C1243477376.xml,Platform Long Name,
GES_DISC,DIF,C1243477376.xml,Platform Short Name,
GES_DISC,DIF,C1243477376.xml,Processing Level,
GES_DISC,DIF,C1243477376.xml,Product Link,
GES_DISC,DIF,C1243477376.xml,Product Link,
GES_DISC,DIF,C1243477376.xml,Product Link,
GES_DISC,DIF,C1243477376.xml,Product Link,
GES_DISC,DIF,C1243477376.xml,Product Link,
GES_DISC,DIF,C1243477376.xml,Product Link,
GES_DISC,DIF,C1243477376.xml,Product Link,
GES_DISC,DIF,C1243477376.xml,Product Link,
GES_DISC,DIF,C1243477376.xml,Product Link,
GES_DISC,DIF,C1243477376.xml,Project Keyword,
GES_DISC,DIF,C1243477376.xml,Project Keyword,
GES_DISC,DIF,C1243477376.xml,Project Name,
GES_DISC,DIF,C1243477376.xml,Project Name,
GES_DISC,DIF,C1243477376.xml,Project Website Link,
GES_DISC,DIF,C1243477376.xml,Project Website Link,
GES_DISC,DIF,C1243477376.xml,Project Website Link,
GES_DISC,DIF,C1243477376.xml,Project Website Link,
GES_DISC,DIF,C1243477376.xml,Project Website Link,
GES_DISC,DIF,C1243477376.xml,Project Website Link,
GES_DISC,DIF,C1243477376.xml,Project Website Link,
GES_DISC,DIF,C1243477376.xml,Project Website Link,
GES_DISC,DIF,C1243477376.xml,Project Website Link,
GES_DISC,DIF,C1243477376.xml,Publication Date,
GES_DISC,DIF,C1243477376.xml,Publication Information,
GES_DISC,DIF,C1243477376.xml,Publication Information,
GES_DISC,DIF,C1243477376.xml,Publication Information,
GES_DISC,DIF,C1243477376.xml,Publication Information,
GES_DISC,DIF,C1243477376.xml,Purpose,
GES_DISC,DIF,C1243477376.xml,Quality Statement,
GES_DISC,DIF,C1243477376.xml,Related URL,
GES_DISC,DIF,C1243477376.xml,Related URL,
GES_DISC,DIF,C1243477376.xml,Related URL,
GES_DISC,DIF,C1243477376.xml,Related URL,
GES_DISC,DIF,C1243477376.xml,Related URL,
GES_DISC,DIF,C1243477376.xml,Related URL,
GES_DISC,DIF,C1243477376.xml,Related URL,
GES_DISC,DIF,C1243477376.xml,Related URL,
GES_DISC,DIF,C1243477376.xml,Related URL,
GES_DISC,DIF,C1243477376.xml,Resource Citation,
GES_DISC,DIF,C1243477376.xml,Resource Status,
GES_DISC,DIF,C1243477376.xml,Resource Title,
GES_DISC,DIF,C1243477376.xml,Resource Use Constraints,
GES_DISC,DIF,C1243477376.xml,Resource on-line Link,
GES_DISC,DIF,C1243477376.xml,Resource on-line Link,
GES_DISC,DIF,C1243477376.xml,Resource on-line Link,
GES_DISC,DIF,C1243477376.xml,Resource on-line Link,
GES_DISC,DIF,C1243477376.xml,Resource on-line Link,
GES_DISC,DIF,C1243477376.xml,Resource on-line Link,
GES_DISC,DIF,C1243477376.xml,Resource on-line Link,
GES_DISC,DIF,C1243477376.xml,Resource on-line Link,
GES_DISC,DIF,C1243477376.xml,Resource on-line Link,
GES_DISC,DIF,C1243477376.xml,Responsibility,
GES_DISC,DIF,C1243477376.xml,Responsibility,
GES_DISC,DIF,C1243477376.xml,Responsibility,
GES_DISC,DIF,C1243477376.xml,Responsibility,
GES_DISC,DIF,C1243477376.xml,Responsibility,
GES_DISC,DIF,C1243477376.xml,Role,
GES_DISC,DIF,C1243477376.xml,Security Constraints,
GES_DISC,DIF,C1243477376.xml,Southernmost Latitude,
GES_DISC,DIF,C1243477376.xml,Spatial Extent,
GES_DISC,DIF,C1243477376.xml,Spatial Extent,
GES_DISC,DIF,C1243477376.xml,Spatial Extent,
GES_DISC,DIF,C1243477376.xml,Spatial Extent,
GES_DISC,DIF,C1243477376.xml,Spatial Representation,
GES_DISC,DIF,C1243477376.xml,Spatial Representation,
GES_DISC,DIF,C1243477376.xml,Spatial Representation,
GES_DISC,DIF,C1243477376.xml,Spatial Representation,
GES_DISC,DIF,C1243477376.xml,Spatial Representation,
GES_DISC,DIF,C1243477376.xml,Start Time,
GES_DISC,DIF,C1243477376.xml,Temporal Extent,
GES_DISC,DIF,C1243477376.xml,Temporal Extent,
GES_DISC,DIF,C1243477376.xml,Theme Keyword,
GES_DISC,DIF,C1243477376.xml,Theme Keyword,
GES_DISC,DIF,C1243477376.xml,Theme Keyword,
GES_DISC,DIF,C1243477376.xml,Theme Keyword,
GES_DISC,DIF,C1243477376.xml,Theme Keyword,
GES_DISC,DIF,C1243477376.xml,Theme Keyword,
GES_DISC,DIF,C1243477376.xml,Theme Keyword,
GES_DISC,DIF,C1243477376.xml,Theme Keyword,
GES_DISC,DIF,C1243477376.xml,Theme Keyword,
GES_DISC,DIF,C1243477376.xml,Theme Keyword,
GES_DISC,DIF,C1243477376.xml,Theme Keyword,
GES_DISC,DIF,C1243477376.xml,Theme Keyword,
GES_DISC,DIF,C1243477376.xml,Theme Keyword,
GES_DISC,DIF,C1243477376.xml,Theme Keyword,
GES_DISC,DIF,C1243477376.xml,Theme Keyword,
GES_DISC,DIF,C1243477376.xml,Theme Keyword,
GES_DISC,DIF,C1243477376.xml,Theme Keyword,
GES_DISC,DIF,C1243477376.xml,Theme Keyword,
GES_DISC,DIF,C1243477376.xml,Theme Keyword,
GES_DISC,DIF,C1243477376.xml,Theme Keyword,
GES_DISC,DIF,C1243477376.xml,Theme Keyword,
GES_DISC,DIF,C1243477376.xml,Theme Keyword,
GES_DISC,DIF,C1243477376.xml,Theme Keyword,
GES_DISC,DIF,C1243477376.xml,Westernmost Longitude,
GES_DISC,DIF,C1243477378.xml,Abstract,
GES_DISC,DIF,C1243477378.xml,Abstract,
GES_DISC,DIF,C1243477378.xml,Award Link,
GES_DISC,DIF,C1243477378.xml,Award Link,
GES_DISC,DIF,C1243477378.xml,Award Link,
GES_DISC,DIF,C1243477378.xml,Award Link,
GES_DISC,DIF,C1243477378.xml,Award Link,
GES_DISC,DIF,C1243477378.xml,Award Link,
GES_DISC,DIF,C1243477378.xml,Award Link,
GES_DISC,DIF,C1243477378.xml,Award Link,
GES_DISC,DIF,C1243477378.xml,Award Link,
GES_DISC,DIF,C1243477378.xml,Bounding Box,
GES_DISC,DIF,C1243477378.xml,Bounding Box,
GES_DISC,DIF,C1243477378.xml,Bounding Box,
GES_DISC,DIF,C1243477378.xml,Bounding Box,
GES_DISC,DIF,C1243477378.xml,Easternmost Longitude,
GES_DISC,DIF,C1243477378.xml,Email,
GES_DISC,DIF,C1243477378.xml,First Name,
GES_DISC,DIF,C1243477378.xml,Instrument,
GES_DISC,DIF,C1243477378.xml,Instrument,
GES_DISC,DIF,C1243477378.xml,Instrument Keyword,
GES_DISC,DIF,C1243477378.xml,Instrument Keyword,
GES_DISC,DIF,C1243477378.xml,Instrument Keyword,
GES_DISC,DIF,C1243477378.xml,Instrument Keyword,
GES_DISC,DIF,C1243477378.xml,Instrument Long Name,
GES_DISC,DIF,C1243477378.xml,Instrument Short Name,
GES_DISC,DIF,C1243477378.xml,Instrument Short Name,
GES_DISC,DIF,C1243477378.xml,Keyword,
GES_DISC,DIF,C1243477378.xml,Keyword,
GES_DISC,DIF,C1243477378.xml,Keyword,
GES_DISC,DIF,C1243477378.xml,Keyword,
GES_DISC,DIF,C1243477378.xml,Keyword,
GES_DISC,DIF,C1243477378.xml,Keyword,
GES_DISC,DIF,C1243477378.xml,Keyword,
GES_DISC,DIF,C1243477378.xml,Keyword,
GES_DISC,DIF,C1243477378.xml,Last Name,
GES_DISC,DIF,C1243477378.xml,Metadata Dates,
GES_DISC,DIF,C1243477378.xml,Metadata Dates,
GES_DISC,DIF,C1243477378.xml,Metadata Identifier,
GES_DISC,DIF,C1243477378.xml,Metadata Modified Date,
GES_DISC,DIF,C1243477378.xml,Metadata Modified Date,
GES_DISC,DIF,C1243477378.xml,Metadata Standard Citation,
GES_DISC,DIF,C1243477378.xml,Metadata Standard Version,
GES_DISC,DIF,C1243477378.xml,Northernmost Latitude,
GES_DISC,DIF,C1243477378.xml,Online Resource Description,
GES_DISC,DIF,C1243477378.xml,Online Resource Description,
GES_DISC,DIF,C1243477378.xml,Online Resource Description,
GES_DISC,DIF,C1243477378.xml,Online Resource Description,
GES_DISC,DIF,C1243477378.xml,Online Resource Description,
GES_DISC,DIF,C1243477378.xml,Online Resource Description,
GES_DISC,DIF,C1243477378.xml,Online Resource Description,
GES_DISC,DIF,C1243477378.xml,Online Resource Description,
GES_DISC,DIF,C1243477378.xml,Online Resource Description,
GES_DISC,DIF,C1243477378.xml,Online Resource Name/Title,
GES_DISC,DIF,C1243477378.xml,Party,
GES_DISC,DIF,C1243477378.xml,Party,
GES_DISC,DIF,C1243477378.xml,Party,
GES_DISC,DIF,C1243477378.xml,Party,
GES_DISC,DIF,C1243477378.xml,Platform,
GES_DISC,DIF,C1243477378.xml,Platform,
GES_DISC,DIF,C1243477378.xml,Platform Keyword,
GES_DISC,DIF,C1243477378.xml,Platform Keyword,
GES_DISC,DIF,C1243477378.xml,Platform Long Name,
GES_DISC,DIF,C1243477378.xml,Platform Short Name,
GES_DISC,DIF,C1243477378.xml,Processing Level,
GES_DISC,DIF,C1243477378.xml,Product Link,
GES_DISC,DIF,C1243477378.xml,Product Link,
GES_DISC,DIF,C1243477378.xml,Product Link,
GES_DISC,DIF,C1243477378.xml,Product Link,
GES_DISC,DIF,C1243477378.xml,Product Link,
GES_DISC,DIF,C1243477378.xml,Product Link,
GES_DISC,DIF,C1243477378.xml,Product Link,
GES_DISC,DIF,C1243477378.xml,Product Link,
GES_DISC,DIF,C1243477378.xml,Product Link,
GES_DISC,DIF,C1243477378.xml,Project Keyword,
GES_DISC,DIF,C1243477378.xml,Project Keyword,
GES_DISC,DIF,C1243477378.xml,Project Name,
GES_DISC,DIF,C1243477378.xml,Project Name,
GES_DISC,DIF,C1243477378.xml,Project Website Link,
GES_DISC,DIF,C1243477378.xml,Project Website Link,
GES_DISC,DIF,C1243477378.xml,Project Website Link,
GES_DISC,DIF,C1243477378.xml,Project Website Link,
GES_DISC,DIF,C1243477378.xml,Project Website Link,
GES_DISC,DIF,C1243477378.xml,Project Website Link,
GES_DISC,DIF,C1243477378.xml,Project Website Link,
GES_DISC,DIF,C1243477378.xml,Project Website Link,
GES_DISC,DIF,C1243477378.xml,Project Website Link,
GES_DISC,DIF,C1243477378.xml,Purpose,
GES_DISC,DIF,C1243477378.xml,Quality Statement,
GES_DISC,DIF,C1243477378.xml,Related URL,
GES_DISC,DIF,C1243477378.xml,Related URL,
GES_DISC,DIF,C1243477378.xml,Related URL,
GES_DISC,DIF,C1243477378.xml,Related URL,
GES_DISC,DIF,C1243477378.xml,Related URL,
GES_DISC,DIF,C1243477378.xml,Related URL,
GES_DISC,DIF,C1243477378.xml,Related URL,
GES_DISC,DIF,C1243477378.xml,Related URL,
GES_DISC,DIF,C1243477378.xml,Related URL,
GES_DISC,DIF,C1243477378.xml,Resource Citation,
GES_DISC,DIF,C1243477378.xml,Resource Status,
GES_DISC,DIF,C1243477378.xml,Resource Title,
GES_DISC,DIF,C1243477378.xml,Resource Use Constraints,
GES_DISC,DIF,C1243477378.xml,Resource on-line Link,
GES_DISC,DIF,C1243477378.xml,Resource on-line Link,
GES_DISC,DIF,C1243477378.xml,Resource on-line Link,
GES_DISC,DIF,C1243477378.xml,Resource on-line Link,
GES_DISC,DIF,C1243477378.xml,Resource on-line Link,
GES_DISC,DIF,C1243477378.xml,Resource on-line Link,
GES_DISC,DIF,C1243477378.xml,Resource on-line Link,
GES_DISC,DIF,C1243477378.xml,Resource on-line Link,
GES_DISC,DIF,C1243477378.xml,Resource on-line Link,
GES_DISC,DIF,C1243477378.xml,Responsibility,
GES_DISC,DIF,C1243477378.xml,Responsibility,
GES_DISC,DIF,C1243477378.xml,Responsibility,
GES_DISC,DIF,C1243477378.xml,Responsibility,
GES_DISC,DIF,C1243477378.xml,Responsibility,
GES_DISC,DIF,C1243477378.xml,Role,
GES_DISC,DIF,C1243477378.xml,Security Constraints,
GES_DISC,DIF,C1243477378.xml,Southernmost Latitude,
GES_DISC,DIF,C1243477378.xml,Spatial Extent,
GES_DISC,DIF,C1243477378.xml,Spatial Extent,
GES_DISC,DIF,C1243477378.xml,Spatial Extent,
GES_DISC,DIF,C1243477378.xml,Spatial Extent,
GES_DISC,DIF,C1243477378.xml,Spatial Representation,
GES_DISC,DIF,C1243477378.xml,Spatial Representation,
GES_DISC,DIF,C1243477378.xml,Spatial Representation,
GES_DISC,DIF,C1243477378.xml,Spatial Representation,
GES_DISC,DIF,C1243477378.xml,Spatial Representation,
GES_DISC,DIF,C1243477378.xml,Start Time,
GES_DISC,DIF,C1243477378.xml,Temporal Extent,
GES_DISC,DIF,C1243477378.xml,Theme Keyword,
GES_DISC,DIF,C1243477378.xml,Theme Keyword,
GES_DISC,DIF,C1243477378.xml,Theme Keyword,
GES_DISC,DIF,C1243477378.xml,Theme Keyword,
GES_DISC,DIF,C1243477378.xml,Theme Keyword,
GES_DISC,DIF,C1243477378.xml,Westernmost Longitude,
GES_DISC,DIF,C1243477379.xml,Abstract,
GES_DISC,DIF,C1243477379.xml,Abstract,
GES_DISC,DIF,C1243477379.xml,Award Link,
GES_DISC,DIF,C1243477379.xml,Award Link,
GES_DISC,DIF,C1243477379.xml,Award Link,
GES_DISC,DIF,C1243477379.xml,Award Link,
GES_DISC,DIF,C1243477379.xml,Award Link,
GES_DISC,DIF,C1243477379.xml,Award Link,
GES_DISC,DIF,C1243477379.xml,Award Link,
GES_DISC,DIF,C1243477379.xml,Award Link,
GES_DISC,DIF,C1243477379.xml,Award Link,
GES_DISC,DIF,C1243477379.xml,Bounding Box,
GES_DISC,DIF,C1243477379.xml,Bounding Box,
GES_DISC,DIF,C1243477379.xml,Bounding Box,
GES_DISC,DIF,C1243477379.xml,Bounding Box,
GES_DISC,DIF,C1243477379.xml,Easternmost Longitude,
GES_DISC,DIF,C1243477379.xml,Email,
GES_DISC,DIF,C1243477379.xml,First Name,
GES_DISC,DIF,C1243477379.xml,Instrument,
GES_DISC,DIF,C1243477379.xml,Instrument Keyword,
GES_DISC,DIF,C1243477379.xml,Instrument Keyword,
GES_DISC,DIF,C1243477379.xml,Instrument Long Name,
GES_DISC,DIF,C1243477379.xml,Instrument Short Name,
GES_DISC,DIF,C1243477379.xml,Keyword,
GES_DISC,DIF,C1243477379.xml,Keyword,
GES_DISC,DIF,C1243477379.xml,Keyword,
GES_DISC,DIF,C1243477379.xml,Keyword,
GES_DISC,DIF,C1243477379.xml,Keyword,
GES_DISC,DIF,C1243477379.xml,Keyword,
GES_DISC,DIF,C1243477379.xml,Last Name,
GES_DISC,DIF,C1243477379.xml,Metadata Dates,
GES_DISC,DIF,C1243477379.xml,Metadata Dates,
GES_DISC,DIF,C1243477379.xml,Metadata Identifier,
GES_DISC,DIF,C1243477379.xml,Metadata Modified Date,
GES_DISC,DIF,C1243477379.xml,Metadata Modified Date,
GES_DISC,DIF,C1243477379.xml,Metadata Standard Citation,
GES_DISC,DIF,C1243477379.xml,Metadata Standard Version,
GES_DISC,DIF,C1243477379.xml,Northernmost Latitude,
GES_DISC,DIF,C1243477379.xml,Online Resource Description,
GES_DISC,DIF,C1243477379.xml,Online Resource Description,
GES_DISC,DIF,C1243477379.xml,Online Resource Description,
GES_DISC,DIF,C1243477379.xml,Online Resource Description,
GES_DISC,DIF,C1243477379.xml,Online Resource Description,
GES_DISC,DIF,C1243477379.xml,Online Resource Description,
GES_DISC,DIF,C1243477379.xml,Online Resource Description,
GES_DISC,DIF,C1243477379.xml,Online Resource Description,
GES_DISC,DIF,C1243477379.xml,Online Resource Description,
GES_DISC,DIF,C1243477379.xml,Online Resource Name/Title,
GES_DISC,DIF,C1243477379.xml,Party,
GES_DISC,DIF,C1243477379.xml,Party,
GES_DISC,DIF,C1243477379.xml,Party,
GES_DISC,DIF,C1243477379.xml,Party,
GES_DISC,DIF,C1243477379.xml,Platform,
GES_DISC,DIF,C1243477379.xml,Platform,
GES_DISC,DIF,C1243477379.xml,Platform Keyword,
GES_DISC,DIF,C1243477379.xml,Platform Keyword,
GES_DISC,DIF,C1243477379.xml,Platform Long Name,
GES_DISC,DIF,C1243477379.xml,Platform Short Name,
GES_DISC,DIF,C1243477379.xml,Processing Level,
GES_DISC,DIF,C1243477379.xml,Product Link,
GES_DISC,DIF,C1243477379.xml,Product Link,
GES_DISC,DIF,C1243477379.xml,Product Link,
GES_DISC,DIF,C1243477379.xml,Product Link,
GES_DISC,DIF,C1243477379.xml,Product Link,
GES_DISC,DIF,C1243477379.xml,Product Link,
GES_DISC,DIF,C1243477379.xml,Product Link,
GES_DISC,DIF,C1243477379.xml,Product Link,
GES_DISC,DIF,C1243477379.xml,Product Link,
GES_DISC,DIF,C1243477379.xml,Project Keyword,
GES_DISC,DIF,C1243477379.xml,Project Keyword,
GES_DISC,DIF,C1243477379.xml,Project Name,
GES_DISC,DIF,C1243477379.xml,Project Name,
GES_DISC,DIF,C1243477379.xml,Project Website Link,
GES_DISC,DIF,C1243477379.xml,Project Website Link,
GES_DISC,DIF,C1243477379.xml,Project Website Link,
GES_DISC,DIF,C1243477379.xml,Project Website Link,
GES_DISC,DIF,C1243477379.xml,Project Website Link,
GES_DISC,DIF,C1243477379.xml,Project Website Link,
GES_DISC,DIF,C1243477379.xml,Project Website Link,
GES_DISC,DIF,C1243477379.xml,Project Website Link,
GES_DISC,DIF,C1243477379.xml,Project Website Link,
GES_DISC,DIF,C1243477379.xml,Purpose,
GES_DISC,DIF,C1243477379.xml,Quality Statement,
GES_DISC,DIF,C1243477379.xml,Related URL,
GES_DISC,DIF,C1243477379.xml,Related URL,
GES_DISC,DIF,C1243477379.xml,Related URL,
GES_DISC,DIF,C1243477379.xml,Related URL,
GES_DISC,DIF,C1243477379.xml,Related URL,
GES_DISC,DIF,C1243477379.xml,Related URL,
GES_DISC,DIF,C1243477379.xml,Related URL,
GES_DISC,DIF,C1243477379.xml,Related URL,
GES_DISC,DIF,C1243477379.xml,Related URL,
GES_DISC,DIF,C1243477379.xml,Resource Citation,
GES_DISC,DIF,C1243477379.xml,Resource Status,
GES_DISC,DIF,C1243477379.xml,Resource Title,
GES_DISC,DIF,C1243477379.xml,Resource Use Constraints,
GES_DISC,DIF,C1243477379.xml,Resource on-line Link,
GES_DISC,DIF,C1243477379.xml,Resource on-line Link,
GES_DISC,DIF,C1243477379.xml,Resource on-line Link,
GES_DISC,DIF,C1243477379.xml,Resource on-line Link,
GES_DISC,DIF,C1243477379.xml,Resource on-line Link,
GES_DISC,DIF,C1243477379.xml,Resource on-line Link,
GES_DISC,DIF,C1243477379.xml,Resource on-line Link,
GES_DISC,DIF,C1243477379.xml,Resource on-line Link,
GES_DISC,DIF,C1243477379.xml,Resource on-line Link,
GES_DISC,DIF,C1243477379.xml,Responsibility,
GES_DISC,DIF,C1243477379.xml,Responsibility,
GES_DISC,DIF,C1243477379.xml,Responsibility,
GES_DISC,DIF,C1243477379.xml,Responsibility,
GES_DISC,DIF,C1243477379.xml,Responsibility,
GES_DISC,DIF,C1243477379.xml,Role,
GES_DISC,DIF,C1243477379.xml,Security Constraints,
GES_DISC,DIF,C1243477379.xml,Southernmost Latitude,
GES_DISC,DIF,C1243477379.xml,Spatial Extent,
GES_DISC,DIF,C1243477379.xml,Spatial Extent,
GES_DISC,DIF,C1243477379.xml,Spatial Extent,
GES_DISC,DIF,C1243477379.xml,Spatial Extent,
GES_DISC,DIF,C1243477379.xml,Spatial Representation,
GES_DISC,DIF,C1243477379.xml,Spatial Representation,
GES_DISC,DIF,C1243477379.xml,Spatial Representation,
GES_DISC,DIF,C1243477379.xml,Spatial Representation,
GES_DISC,DIF,C1243477379.xml,Spatial Representation,
GES_DISC,DIF,C1243477379.xml,Start Time,
GES_DISC,DIF,C1243477379.xml,Temporal Extent,
GES_DISC,DIF,C1243477379.xml,Theme Keyword,
GES_DISC,DIF,C1243477379.xml,Theme Keyword,
GES_DISC,DIF,C1243477379.xml,Theme Keyword,
GES_DISC,DIF,C1243477379.xml,Theme Keyword,
GES_DISC,DIF,C1243477379.xml,Theme Keyword,
GES_DISC,DIF,C1243477379.xml,Theme Keyword,
GES_DISC,DIF,C1243477379.xml,Theme Keyword,
GES_DISC,DIF,C1243477379.xml,Theme Keyword,
GES_DISC,DIF,C1243477379.xml,Theme Keyword,
GES_DISC,DIF,C1243477379.xml,Theme Keyword,
GES_DISC,DIF,C1243477379.xml,Theme Keyword,
GES_DISC,DIF,C1243477379.xml,Theme Keyword,
GES_DISC,DIF,C1243477379.xml,Theme Keyword,
GES_DISC,DIF,C1243477379.xml,Westernmost Longitude,
GES_DISC,DIF,C1243477380.xml,Abstract,
GES_DISC,DIF,C1243477380.xml,Abstract,
GES_DISC,DIF,C1243477380.xml,Award Link,
GES_DISC,DIF,C1243477380.xml,Award Link,
GES_DISC,DIF,C1243477380.xml,Award Link,
GES_DISC,DIF,C1243477380.xml,Award Link,
GES_DISC,DIF,C1243477380.xml,Award Link,
GES_DISC,DIF,C1243477380.xml,Award Link,
GES_DISC,DIF,C1243477380.xml,Award Link,
GES_DISC,DIF,C1243477380.xml,Award Link,
GES_DISC,DIF,C1243477380.xml,Award Link,
GES_DISC,DIF,C1243477380.xml,Bounding Box,
GES_DISC,DIF,C1243477380.xml,Bounding Box,
GES_DISC,DIF,C1243477380.xml,Bounding Box,
GES_DISC,DIF,C1243477380.xml,Bounding Box,
GES_DISC,DIF,C1243477380.xml,Easternmost Longitude,
GES_DISC,DIF,C1243477380.xml,Email,
GES_DISC,DIF,C1243477380.xml,First Name,
GES_DISC,DIF,C1243477380.xml,Instrument,
GES_DISC,DIF,C1243477380.xml,Instrument Keyword,
GES_DISC,DIF,C1243477380.xml,Instrument Keyword,
GES_DISC,DIF,C1243477380.xml,Instrument Long Name,
GES_DISC,DIF,C1243477380.xml,Instrument Short Name,
GES_DISC,DIF,C1243477380.xml,Keyword,
GES_DISC,DIF,C1243477380.xml,Keyword,
GES_DISC,DIF,C1243477380.xml,Keyword,
GES_DISC,DIF,C1243477380.xml,Keyword,
GES_DISC,DIF,C1243477380.xml,Keyword,
GES_DISC,DIF,C1243477380.xml,Keyword,
GES_DISC,DIF,C1243477380.xml,Last Name,
GES_DISC,DIF,C1243477380.xml,Metadata Dates,
GES_DISC,DIF,C1243477380.xml,Metadata Dates,
GES_DISC,DIF,C1243477380.xml,Metadata Identifier,
GES_DISC,DIF,C1243477380.xml,Metadata Modified Date,
GES_DISC,DIF,C1243477380.xml,Metadata Modified Date,
GES_DISC,DIF,C1243477380.xml,Metadata Standard Citation,
GES_DISC,DIF,C1243477380.xml,Metadata Standard Version,
GES_DISC,DIF,C1243477380.xml,Northernmost Latitude,
GES_DISC,DIF,C1243477380.xml,Online Resource Description,
GES_DISC,DIF,C1243477380.xml,Online Resource Description,
GES_DISC,DIF,C1243477380.xml,Online Resource Description,
GES_DISC,DIF,C1243477380.xml,Online Resource Description,
GES_DISC,DIF,C1243477380.xml,Online Resource Description,
GES_DISC,DIF,C1243477380.xml,Online Resource Description,
GES_DISC,DIF,C1243477380.xml,Online Resource Description,
GES_DISC,DIF,C1243477380.xml,Online Resource Description,
GES_DISC,DIF,C1243477380.xml,Online Resource Description,
GES_DISC,DIF,C1243477380.xml,Online Resource Name/Title,
GES_DISC,DIF,C1243477380.xml,Party,
GES_DISC,DIF,C1243477380.xml,Party,
GES_DISC,DIF,C1243477380.xml,Party,
GES_DISC,DIF,C1243477380.xml,Party,
GES_DISC,DIF,C1243477380.xml,Platform,
GES_DISC,DIF,C1243477380.xml,Platform,
GES_DISC,DIF,C1243477380.xml,Platform Keyword,
GES_DISC,DIF,C1243477380.xml,Platform Keyword,
GES_DISC,DIF,C1243477380.xml,Platform Long Name,
GES_DISC,DIF,C1243477380.xml,Platform Short Name,
GES_DISC,DIF,C1243477380.xml,Processing Level,
GES_DISC,DIF,C1243477380.xml,Product Link,
GES_DISC,DIF,C1243477380.xml,Product Link,
GES_DISC,DIF,C1243477380.xml,Product Link,
GES_DISC,DIF,C1243477380.xml,Product Link,
GES_DISC,DIF,C1243477380.xml,Product Link,
GES_DISC,DIF,C1243477380.xml,Product Link,
GES_DISC,DIF,C1243477380.xml,Product Link,
GES_DISC,DIF,C1243477380.xml,Product Link,
GES_DISC,DIF,C1243477380.xml,Product Link,
GES_DISC,DIF,C1243477380.xml,Project Keyword,
GES_DISC,DIF,C1243477380.xml,Project Keyword,
GES_DISC,DIF,C1243477380.xml,Project Name,
GES_DISC,DIF,C1243477380.xml,Project Name,
GES_DISC,DIF,C1243477380.xml,Project Website Link,
GES_DISC,DIF,C1243477380.xml,Project Website Link,
GES_DISC,DIF,C1243477380.xml,Project Website Link,
GES_DISC,DIF,C1243477380.xml,Project Website Link,
GES_DISC,DIF,C1243477380.xml,Project Website Link,
GES_DISC,DIF,C1243477380.xml,Project Website Link,
GES_DISC,DIF,C1243477380.xml,Project Website Link,
GES_DISC,DIF,C1243477380.xml,Project Website Link,
GES_DISC,DIF,C1243477380.xml,Project Website Link,
GES_DISC,DIF,C1243477380.xml,Purpose,
GES_DISC,DIF,C1243477380.xml,Quality Statement,
GES_DISC,DIF,C1243477380.xml,Related URL,
GES_DISC,DIF,C1243477380.xml,Related URL,
GES_DISC,DIF,C1243477380.xml,Related URL,
GES_DISC,DIF,C1243477380.xml,Related URL,
GES_DISC,DIF,C1243477380.xml,Related URL,
GES_DISC,DIF,C1243477380.xml,Related URL,
GES_DISC,DIF,C1243477380.xml,Related URL,
GES_DISC,DIF,C1243477380.xml,Related URL,
GES_DISC,DIF,C1243477380.xml,Related URL,
GES_DISC,DIF,C1243477380.xml,Resource Citation,
GES_DISC,DIF,C1243477380.xml,Resource Status,
GES_DISC,DIF,C1243477380.xml,Resource Title,
GES_DISC,DIF,C1243477380.xml,Resource Use Constraints,
GES_DISC,DIF,C1243477380.xml,Resource on-line Link,
GES_DISC,DIF,C1243477380.xml,Resource on-line Link,
GES_DISC,DIF,C1243477380.xml,Resource on-line Link,
GES_DISC,DIF,C1243477380.xml,Resource on-line Link,
GES_DISC,DIF,C1243477380.xml,Resource on-line Link,
GES_DISC,DIF,C1243477380.xml,Resource on-line Link,
GES_DISC,DIF,C1243477380.xml,Resource on-line Link,
GES_DISC,DIF,C1243477380.xml,Resource on-line Link,
GES_DISC,DIF,C1243477380.xml,Resource on-line Link,
GES_DISC,DIF,C1243477380.xml,Responsibility,
GES_DISC,DIF,C1243477380.xml,Responsibility,
GES_DISC,DIF,C1243477380.xml,Responsibility,
GES_DISC,DIF,C1243477380.xml,Responsibility,
GES_DISC,DIF,C1243477380.xml,Responsibility,
GES_DISC,DIF,C1243477380.xml,Role,
GES_DISC,DIF,C1243477380.xml,Security Constraints,
GES_DISC,DIF,C1243477380.xml,Southernmost Latitude,
GES_DISC,DIF,C1243477380.xml,Spatial Extent,
GES_DISC,DIF,C1243477380.xml,Spatial Extent,
GES_DISC,DIF,C1243477380.xml,Spatial Extent,
GES_DISC,DIF,C1243477380.xml,Spatial Extent,
GES_DISC,DIF,C1243477380.xml,Spatial Representation,
GES_DISC,DIF,C1243477380.xml,Spatial Representation,
GES_DISC,DIF,C1243477380.xml,Spatial Representation,
GES_DISC,DIF,C1243477380.xml,Spatial Representation,
GES_DISC,DIF,C1243477380.xml,Spatial Representation,
GES_DISC,DIF,C1243477380.xml,Start Time,
GES_DISC,DIF,C1243477380.xml,Temporal Extent,
GES_DISC,DIF,C1243477380.xml,Theme Keyword,
GES_DISC,DIF,C1243477380.xml,Theme Keyword,
GES_DISC,DIF,C1243477380.xml,Theme Keyword,
GES_DISC,DIF,C1243477380.xml,Theme Keyword,
GES_DISC,DIF,C1243477380.xml,Theme Keyword,
GES_DISC,DIF,C1243477380.xml,Westernmost Longitude,
GES_DISC,DIF,C1243477381.xml,Abstract,
GES_DISC,DIF,C1243477381.xml,Abstract,
GES_DISC,DIF,C1243477381.xml,Author,
GES_DISC,DIF,C1243477381.xml,Award Link,
GES_DISC,DIF,C1243477381.xml,Award Link,
GES_DISC,DIF,C1243477381.xml,Award Link,
GES_DISC,DIF,C1243477381.xml,Award Link,
GES_DISC,DIF,C1243477381.xml,Award Link,
GES_DISC,DIF,C1243477381.xml,Award Link,
GES_DISC,DIF,C1243477381.xml,Award Link,
GES_DISC,DIF,C1243477381.xml,Award Link,
GES_DISC,DIF,C1243477381.xml,Award Link,
GES_DISC,DIF,C1243477381.xml,Bounding Box,
GES_DISC,DIF,C1243477381.xml,Bounding Box,
GES_DISC,DIF,C1243477381.xml,Bounding Box,
GES_DISC,DIF,C1243477381.xml,Bounding Box,
GES_DISC,DIF,C1243477381.xml,Cited Resource Title,
GES_DISC,DIF,C1243477381.xml,Easternmost Longitude,
GES_DISC,DIF,C1243477381.xml,Email,
GES_DISC,DIF,C1243477381.xml,First Name,
GES_DISC,DIF,C1243477381.xml,Instrument,
GES_DISC,DIF,C1243477381.xml,Instrument Keyword,
GES_DISC,DIF,C1243477381.xml,Instrument Keyword,
GES_DISC,DIF,C1243477381.xml,Instrument Long Name,
GES_DISC,DIF,C1243477381.xml,Instrument Short Name,
GES_DISC,DIF,C1243477381.xml,Keyword,
GES_DISC,DIF,C1243477381.xml,Keyword,
GES_DISC,DIF,C1243477381.xml,Keyword,
GES_DISC,DIF,C1243477381.xml,Keyword,
GES_DISC,DIF,C1243477381.xml,Keyword,
GES_DISC,DIF,C1243477381.xml,Keyword,
GES_DISC,DIF,C1243477381.xml,Last Name,
GES_DISC,DIF,C1243477381.xml,Metadata Dates,
GES_DISC,DIF,C1243477381.xml,Metadata Dates,
GES_DISC,DIF,C1243477381.xml,Metadata Identifier,
GES_DISC,DIF,C1243477381.xml,Metadata Modified Date,
GES_DISC,DIF,C1243477381.xml,Metadata Modified Date,
GES_DISC,DIF,C1243477381.xml,Metadata Standard Citation,
GES_DISC,DIF,C1243477381.xml,Metadata Standard Version,
GES_DISC,DIF,C1243477381.xml,Northernmost Latitude,
GES_DISC,DIF,C1243477381.xml,Online Resource,
GES_DISC,DIF,C1243477381.xml,Online Resource Description,
GES_DISC,DIF,C1243477381.xml,Online Resource Description,
GES_DISC,DIF,C1243477381.xml,Online Resource Description,
GES_DISC,DIF,C1243477381.xml,Online Resource Description,
GES_DISC,DIF,C1243477381.xml,Online Resource Description,
GES_DISC,DIF,C1243477381.xml,Online Resource Description,
GES_DISC,DIF,C1243477381.xml,Online Resource Description,
GES_DISC,DIF,C1243477381.xml,Online Resource Description,
GES_DISC,DIF,C1243477381.xml,Online Resource Name/Title,
GES_DISC,DIF,C1243477381.xml,Party,
GES_DISC,DIF,C1243477381.xml,Party,
GES_DISC,DIF,C1243477381.xml,Party,
GES_DISC,DIF,C1243477381.xml,Party,
GES_DISC,DIF,C1243477381.xml,Platform,
GES_DISC,DIF,C1243477381.xml,Platform,
GES_DISC,DIF,C1243477381.xml,Platform Keyword,
GES_DISC,DIF,C1243477381.xml,Platform Keyword,
GES_DISC,DIF,C1243477381.xml,Platform Long Name,
GES_DISC,DIF,C1243477381.xml,Platform Short Name,
GES_DISC,DIF,C1243477381.xml,Processing Level,
GES_DISC,DIF,C1243477381.xml,Product Link,
GES_DISC,DIF,C1243477381.xml,Product Link,
GES_DISC,DIF,C1243477381.xml,Product Link,
GES_DISC,DIF,C1243477381.xml,Product Link,
GES_DISC,DIF,C1243477381.xml,Product Link,
GES_DISC,DIF,C1243477381.xml,Product Link,
GES_DISC,DIF,C1243477381.xml,Product Link,
GES_DISC,DIF,C1243477381.xml,Product Link,
GES_DISC,DIF,C1243477381.xml,Product Link,
GES_DISC,DIF,C1243477381.xml,Project Keyword,
GES_DISC,DIF,C1243477381.xml,Project Keyword,
GES_DISC,DIF,C1243477381.xml,Project Name,
GES_DISC,DIF,C1243477381.xml,Project Name,
GES_DISC,DIF,C1243477381.xml,Project Website Link,
GES_DISC,DIF,C1243477381.xml,Project Website Link,
GES_DISC,DIF,C1243477381.xml,Project Website Link,
GES_DISC,DIF,C1243477381.xml,Project Website Link,
GES_DISC,DIF,C1243477381.xml,Project Website Link,
GES_DISC,DIF,C1243477381.xml,Project Website Link,
GES_DISC,DIF,C1243477381.xml,Project Website Link,
GES_DISC,DIF,C1243477381.xml,Project Website Link,
GES_DISC,DIF,C1243477381.xml,Project Website Link,
GES_DISC,DIF,C1243477381.xml,Publication Date,
GES_DISC,DIF,C1243477381.xml,Publication Information,
GES_DISC,DIF,C1243477381.xml,Publication Information,
GES_DISC,DIF,C1243477381.xml,Publication Information,
GES_DISC,DIF,C1243477381.xml,Publication Information,
GES_DISC,DIF,C1243477381.xml,Purpose,
GES_DISC,DIF,C1243477381.xml,Quality Statement,
GES_DISC,DIF,C1243477381.xml,Related URL,
GES_DISC,DIF,C1243477381.xml,Related URL,
GES_DISC,DIF,C1243477381.xml,Related URL,
GES_DISC,DIF,C1243477381.xml,Related URL,
GES_DISC,DIF,C1243477381.xml,Related URL,
GES_DISC,DIF,C1243477381.xml,Related URL,
GES_DISC,DIF,C1243477381.xml,Related URL,
GES_DISC,DIF,C1243477381.xml,Related URL,
GES_DISC,DIF,C1243477381.xml,Related URL,
GES_DISC,DIF,C1243477381.xml,Resource Citation,
GES_DISC,DIF,C1243477381.xml,Resource Status,
GES_DISC,DIF,C1243477381.xml,Resource Title,
GES_DISC,DIF,C1243477381.xml,Resource Use Constraints,
GES_DISC,DIF,C1243477381.xml,Resource on-line Link,
GES_DISC,DIF,C1243477381.xml,Resource on-line Link,
GES_DISC,DIF,C1243477381.xml,Resource on-line Link,
GES_DISC,DIF,C1243477381.xml,Resource on-line Link,
GES_DISC,DIF,C1243477381.xml,Resource on-line Link,
GES_DISC,DIF,C1243477381.xml,Resource on-line Link,
GES_DISC,DIF,C1243477381.xml,Resource on-line Link,
GES_DISC,DIF,C1243477381.xml,Resource on-line Link,
GES_DISC,DIF,C1243477381.xml,Resource on-line Link,
GES_DISC,DIF,C1243477381.xml,Responsibility,
GES_DISC,DIF,C1243477381.xml,Responsibility,
GES_DISC,DIF,C1243477381.xml,Responsibility,
GES_DISC,DIF,C1243477381.xml,Responsibility,
GES_DISC,DIF,C1243477381.xml,Responsibility,
GES_DISC,DIF,C1243477381.xml,Role,
GES_DISC,DIF,C1243477381.xml,Security Constraints,
GES_DISC,DIF,C1243477381.xml,Southernmost Latitude,
GES_DISC,DIF,C1243477381.xml,Spatial Extent,
GES_DISC,DIF,C1243477381.xml,Spatial Extent,
GES_DISC,DIF,C1243477381.xml,Spatial Extent,
GES_DISC,DIF,C1243477381.xml,Spatial Extent,
GES_DISC,DIF,C1243477381.xml,Spatial Representation,
GES_DISC,DIF,C1243477381.xml,Spatial Representation,
GES_DISC,DIF,C1243477381.xml,Spatial Representation,
GES_DISC,DIF,C1243477381.xml,Spatial Representation,
GES_DISC,DIF,C1243477381.xml,Spatial Representation,
GES_DISC,DIF,C1243477381.xml,Start Time,
GES_DISC,DIF,C1243477381.xml,Temporal Extent,
GES_DISC,DIF,C1243477381.xml,Theme Keyword,
GES_DISC,DIF,C1243477381.xml,Theme Keyword,
GES_DISC,DIF,C1243477381.xml,Theme Keyword,
GES_DISC,DIF,C1243477381.xml,Theme Keyword,
GES_DISC,DIF,C1243477381.xml,Theme Keyword,
GES_DISC,DIF,C1243477381.xml,Theme Keyword,
GES_DISC,DIF,C1243477381.xml,Theme Keyword,
GES_DISC,DIF,C1243477381.xml,Theme Keyword,
GES_DISC,DIF,C1243477381.xml,Theme Keyword,
GES_DISC,DIF,C1243477381.xml,Theme Keyword,
GES_DISC,DIF,C1243477381.xml,Theme Keyword,
GES_DISC,DIF,C1243477381.xml,Theme Keyword,
GES_DISC,DIF,C1243477381.xml,Theme Keyword,
GES_DISC,DIF,C1243477381.xml,Theme Keyword,
GES_DISC,DIF,C1243477381.xml,Theme Keyword,
GES_DISC,DIF,C1243477381.xml,Theme Keyword,
GES_DISC,DIF,C1243477381.xml,Theme Keyword,
GES_DISC,DIF,C1243477381.xml,Theme Keyword,
GES_DISC,DIF,C1243477381.xml,Theme Keyword,
GES_DISC,DIF,C1243477381.xml,Theme Keyword,
GES_DISC,DIF,C1243477381.xml,Theme Keyword,
GES_DISC,DIF,C1243477381.xml,Theme Keyword,
GES_DISC,DIF,C1243477381.xml,Theme Keyword,
GES_DISC,DIF,C1243477381.xml,Theme Keyword,
GES_DISC,DIF,C1243477381.xml,Theme Keyword,
GES_DISC,DIF,C1243477381.xml,Theme Keyword,
GES_DISC,DIF,C1243477381.xml,Theme Keyword,
GES_DISC,DIF,C1243477381.xml,Theme Keyword,
GES_DISC,DIF,C1243477381.xml,Theme Keyword,
GES_DISC,DIF,C1243477381.xml,Theme Keyword,
GES_DISC,DIF,C1243477381.xml,Theme Keyword,
GES_DISC,DIF,C1243477381.xml,Theme Keyword,
GES_DISC,DIF,C1243477381.xml,Theme Keyword,
GES_DISC,DIF,C1243477381.xml,Theme Keyword,
GES_DISC,DIF,C1243477381.xml,Theme Keyword,
GES_DISC,DIF,C1243477381.xml,Theme Keyword,
GES_DISC,DIF,C1243477381.xml,Theme Keyword,
GES_DISC,DIF,C1243477381.xml,Theme Keyword,
GES_DISC,DIF,C1243477381.xml,Theme Keyword,
GES_DISC,DIF,C1243477381.xml,Theme Keyword,
GES_DISC,DIF,C1243477381.xml,Theme Keyword,
GES_DISC,DIF,C1243477381.xml,Theme Keyword,
GES_DISC,DIF,C1243477381.xml,Theme Keyword,
GES_DISC,DIF,C1243477381.xml,Theme Keyword,
GES_DISC,DIF,C1243477381.xml,Theme Keyword,
GES_DISC,DIF,C1243477381.xml,Theme Keyword,
GES_DISC,DIF,C1243477381.xml,Theme Keyword,
GES_DISC,DIF,C1243477381.xml,Theme Keyword,
GES_DISC,DIF,C1243477381.xml,Theme Keyword,
GES_DISC,DIF,C1243477381.xml,Theme Keyword,
GES_DISC,DIF,C1243477381.xml,Theme Keyword,
GES_DISC,DIF,C1243477381.xml,Theme Keyword,
GES_DISC,DIF,C1243477381.xml,Theme Keyword,
GES_DISC,DIF,C1243477381.xml,Theme Keyword,
GES_DISC,DIF,C1243477381.xml,Theme Keyword,
GES_DISC,DIF,C1243477381.xml,Theme Keyword,
GES_DISC,DIF,C1243477381.xml,Theme Keyword,
GES_DISC,DIF,C1243477381.xml,Theme Keyword,
GES_DISC,DIF,C1243477381.xml,Theme Keyword,
GES_DISC,DIF,C1243477381.xml,Theme Keyword,
GES_DISC,DIF,C1243477381.xml,Theme Keyword,
GES_DISC,DIF,C1243477381.xml,Theme Keyword,
GES_DISC,DIF,C1243477381.xml,Theme Keyword,
GES_DISC,DIF,C1243477381.xml,Theme Keyword,
GES_DISC,DIF,C1243477381.xml,Theme Keyword,
GES_DISC,DIF,C1243477381.xml,Theme Keyword,
GES_DISC,DIF,C1243477381.xml,Theme Keyword,
GES_DISC,DIF,C1243477381.xml,Theme Keyword,
GES_DISC,DIF,C1243477381.xml,Theme Keyword,
GES_DISC,DIF,C1243477381.xml,Theme Keyword,
GES_DISC,DIF,C1243477381.xml,Theme Keyword,
GES_DISC,DIF,C1243477381.xml,Theme Keyword,
GES_DISC,DIF,C1243477381.xml,Theme Keyword,
GES_DISC,DIF,C1243477381.xml,Theme Keyword,
GES_DISC,DIF,C1243477381.xml,Theme Keyword,
GES_DISC,DIF,C1243477381.xml,Theme Keyword,
GES_DISC,DIF,C1243477381.xml,Theme Keyword,
GES_DISC,DIF,C1243477381.xml,Theme Keyword,
GES_DISC,DIF,C1243477381.xml,Theme Keyword,
GES_DISC,DIF,C1243477381.xml,Theme Keyword,
GES_DISC,DIF,C1243477381.xml,Theme Keyword,
GES_DISC,DIF,C1243477381.xml,Westernmost Longitude,
GES_DISC,DIF,C1243477383.xml,Abstract,
GES_DISC,DIF,C1243477383.xml,Abstract,
GES_DISC,DIF,C1243477383.xml,Author,
GES_DISC,DIF,C1243477383.xml,Award Link,
GES_DISC,DIF,C1243477383.xml,Award Link,
GES_DISC,DIF,C1243477383.xml,Award Link,
GES_DISC,DIF,C1243477383.xml,Award Link,
GES_DISC,DIF,C1243477383.xml,Award Link,
GES_DISC,DIF,C1243477383.xml,Award Link,
GES_DISC,DIF,C1243477383.xml,Award Link,
GES_DISC,DIF,C1243477383.xml,Award Link,
GES_DISC,DIF,C1243477383.xml,Award Link,
GES_DISC,DIF,C1243477383.xml,Bounding Box,
GES_DISC,DIF,C1243477383.xml,Bounding Box,
GES_DISC,DIF,C1243477383.xml,Bounding Box,
GES_DISC,DIF,C1243477383.xml,Bounding Box,
GES_DISC,DIF,C1243477383.xml,Cited Resource Title,
GES_DISC,DIF,C1243477383.xml,Easternmost Longitude,
GES_DISC,DIF,C1243477383.xml,Email,
GES_DISC,DIF,C1243477383.xml,First Name,
GES_DISC,DIF,C1243477383.xml,Instrument,
GES_DISC,DIF,C1243477383.xml,Instrument,
GES_DISC,DIF,C1243477383.xml,Instrument Keyword,
GES_DISC,DIF,C1243477383.xml,Instrument Keyword,
GES_DISC,DIF,C1243477383.xml,Instrument Keyword,
GES_DISC,DIF,C1243477383.xml,Instrument Keyword,
GES_DISC,DIF,C1243477383.xml,Instrument Long Name,
GES_DISC,DIF,C1243477383.xml,Instrument Short Name,
GES_DISC,DIF,C1243477383.xml,Instrument Short Name,
GES_DISC,DIF,C1243477383.xml,Keyword,
GES_DISC,DIF,C1243477383.xml,Keyword,
GES_DISC,DIF,C1243477383.xml,Keyword,
GES_DISC,DIF,C1243477383.xml,Keyword,
GES_DISC,DIF,C1243477383.xml,Keyword,
GES_DISC,DIF,C1243477383.xml,Keyword,
GES_DISC,DIF,C1243477383.xml,Keyword,
GES_DISC,DIF,C1243477383.xml,Keyword,
GES_DISC,DIF,C1243477383.xml,Last Name,
GES_DISC,DIF,C1243477383.xml,Metadata Dates,
GES_DISC,DIF,C1243477383.xml,Metadata Dates,
GES_DISC,DIF,C1243477383.xml,Metadata Identifier,
GES_DISC,DIF,C1243477383.xml,Metadata Modified Date,
GES_DISC,DIF,C1243477383.xml,Metadata Modified Date,
GES_DISC,DIF,C1243477383.xml,Metadata Standard Citation,
GES_DISC,DIF,C1243477383.xml,Metadata Standard Version,
GES_DISC,DIF,C1243477383.xml,Northernmost Latitude,
GES_DISC,DIF,C1243477383.xml,Online Resource,
GES_DISC,DIF,C1243477383.xml,Online Resource Description,
GES_DISC,DIF,C1243477383.xml,Online Resource Description,
GES_DISC,DIF,C1243477383.xml,Online Resource Description,
GES_DISC,DIF,C1243477383.xml,Online Resource Description,
GES_DISC,DIF,C1243477383.xml,Online Resource Description,
GES_DISC,DIF,C1243477383.xml,Online Resource Description,
GES_DISC,DIF,C1243477383.xml,Online Resource Description,
GES_DISC,DIF,C1243477383.xml,Online Resource Description,
GES_DISC,DIF,C1243477383.xml,Online Resource Name/Title,
GES_DISC,DIF,C1243477383.xml,Party,
GES_DISC,DIF,C1243477383.xml,Party,
GES_DISC,DIF,C1243477383.xml,Party,
GES_DISC,DIF,C1243477383.xml,Party,
GES_DISC,DIF,C1243477383.xml,Platform,
GES_DISC,DIF,C1243477383.xml,Platform,
GES_DISC,DIF,C1243477383.xml,Platform Keyword,
GES_DISC,DIF,C1243477383.xml,Platform Keyword,
GES_DISC,DIF,C1243477383.xml,Platform Long Name,
GES_DISC,DIF,C1243477383.xml,Platform Short Name,
GES_DISC,DIF,C1243477383.xml,Processing Level,
GES_DISC,DIF,C1243477383.xml,Product Link,
GES_DISC,DIF,C1243477383.xml,Product Link,
GES_DISC,DIF,C1243477383.xml,Product Link,
GES_DISC,DIF,C1243477383.xml,Product Link,
GES_DISC,DIF,C1243477383.xml,Product Link,
GES_DISC,DIF,C1243477383.xml,Product Link,
GES_DISC,DIF,C1243477383.xml,Product Link,
GES_DISC,DIF,C1243477383.xml,Product Link,
GES_DISC,DIF,C1243477383.xml,Product Link,
GES_DISC,DIF,C1243477383.xml,Project Keyword,
GES_DISC,DIF,C1243477383.xml,Project Keyword,
GES_DISC,DIF,C1243477383.xml,Project Name,
GES_DISC,DIF,C1243477383.xml,Project Name,
GES_DISC,DIF,C1243477383.xml,Project Website Link,
GES_DISC,DIF,C1243477383.xml,Project Website Link,
GES_DISC,DIF,C1243477383.xml,Project Website Link,
GES_DISC,DIF,C1243477383.xml,Project Website Link,
GES_DISC,DIF,C1243477383.xml,Project Website Link,
GES_DISC,DIF,C1243477383.xml,Project Website Link,
GES_DISC,DIF,C1243477383.xml,Project Website Link,
GES_DISC,DIF,C1243477383.xml,Project Website Link,
GES_DISC,DIF,C1243477383.xml,Project Website Link,
GES_DISC,DIF,C1243477383.xml,Publication Date,
GES_DISC,DIF,C1243477383.xml,Publication Information,
GES_DISC,DIF,C1243477383.xml,Publication Information,
GES_DISC,DIF,C1243477383.xml,Publication Information,
GES_DISC,DIF,C1243477383.xml,Publication Information,
GES_DISC,DIF,C1243477383.xml,Purpose,
GES_DISC,DIF,C1243477383.xml,Quality Statement,
GES_DISC,DIF,C1243477383.xml,Related URL,
GES_DISC,DIF,C1243477383.xml,Related URL,
GES_DISC,DIF,C1243477383.xml,Related URL,
GES_DISC,DIF,C1243477383.xml,Related URL,
GES_DISC,DIF,C1243477383.xml,Related URL,
GES_DISC,DIF,C1243477383.xml,Related URL,
GES_DISC,DIF,C1243477383.xml,Related URL,
GES_DISC,DIF,C1243477383.xml,Related URL,
GES_DISC,DIF,C1243477383.xml,Related URL,
GES_DISC,DIF,C1243477383.xml,Resource Citation,
GES_DISC,DIF,C1243477383.xml,Resource Status,
GES_DISC,DIF,C1243477383.xml,Resource Title,
GES_DISC,DIF,C1243477383.xml,Resource Use Constraints,
GES_DISC,DIF,C1243477383.xml,Resource on-line Link,
GES_DISC,DIF,C1243477383.xml,Resource on-line Link,
GES_DISC,DIF,C1243477383.xml,Resource on-line Link,
GES_DISC,DIF,C1243477383.xml,Resource on-line Link,
GES_DISC,DIF,C1243477383.xml,Resource on-line Link,
GES_DISC,DIF,C1243477383.xml,Resource on-line Link,
GES_DISC,DIF,C1243477383.xml,Resource on-line Link,
GES_DISC,DIF,C1243477383.xml,Resource on-line Link,
GES_DISC,DIF,C1243477383.xml,Resource on-line Link,
GES_DISC,DIF,C1243477383.xml,Responsibility,
GES_DISC,DIF,C1243477383.xml,Responsibility,
GES_DISC,DIF,C1243477383.xml,Responsibility,
GES_DISC,DIF,C1243477383.xml,Responsibility,
GES_DISC,DIF,C1243477383.xml,Responsibility,
GES_DISC,DIF,C1243477383.xml,Role,
GES_DISC,DIF,C1243477383.xml,Security Constraints,
GES_DISC,DIF,C1243477383.xml,Southernmost Latitude,
GES_DISC,DIF,C1243477383.xml,Spatial Extent,
GES_DISC,DIF,C1243477383.xml,Spatial Extent,
GES_DISC,DIF,C1243477383.xml,Spatial Extent,
GES_DISC,DIF,C1243477383.xml,Spatial Extent,
GES_DISC,DIF,C1243477383.xml,Spatial Representation,
GES_DISC,DIF,C1243477383.xml,Spatial Representation,
GES_DISC,DIF,C1243477383.xml,Spatial Representation,
GES_DISC,DIF,C1243477383.xml,Spatial Representation,
GES_DISC,DIF,C1243477383.xml,Spatial Representation,
GES_DISC,DIF,C1243477383.xml,Start Time,
GES_DISC,DIF,C1243477383.xml,Temporal Extent,
GES_DISC,DIF,C1243477383.xml,Theme Keyword,
GES_DISC,DIF,C1243477383.xml,Theme Keyword,
GES_DISC,DIF,C1243477383.xml,Theme Keyword,
GES_DISC,DIF,C1243477383.xml,Theme Keyword,
GES_DISC,DIF,C1243477383.xml,Theme Keyword,
GES_DISC,DIF,C1243477383.xml,Theme Keyword,
GES_DISC,DIF,C1243477383.xml,Theme Keyword,
GES_DISC,DIF,C1243477383.xml,Theme Keyword,
GES_DISC,DIF,C1243477383.xml,Theme Keyword,
GES_DISC,DIF,C1243477383.xml,Theme Keyword,
GES_DISC,DIF,C1243477383.xml,Theme Keyword,
GES_DISC,DIF,C1243477383.xml,Theme Keyword,
GES_DISC,DIF,C1243477383.xml,Theme Keyword,
GES_DISC,DIF,C1243477383.xml,Theme Keyword,
GES_DISC,DIF,C1243477383.xml,Theme Keyword,
GES_DISC,DIF,C1243477383.xml,Theme Keyword,
GES_DISC,DIF,C1243477383.xml,Theme Keyword,
GES_DISC,DIF,C1243477383.xml,Theme Keyword,
GES_DISC,DIF,C1243477383.xml,Theme Keyword,
GES_DISC,DIF,C1243477383.xml,Theme Keyword,
GES_DISC,DIF,C1243477383.xml,Theme Keyword,
GES_DISC,DIF,C1243477383.xml,Theme Keyword,
GES_DISC,DIF,C1243477383.xml,Theme Keyword,
GES_DISC,DIF,C1243477383.xml,Theme Keyword,
GES_DISC,DIF,C1243477383.xml,Theme Keyword,
GES_DISC,DIF,C1243477383.xml,Theme Keyword,
GES_DISC,DIF,C1243477383.xml,Theme Keyword,
GES_DISC,DIF,C1243477383.xml,Theme Keyword,
GES_DISC,DIF,C1243477383.xml,Theme Keyword,
GES_DISC,DIF,C1243477383.xml,Theme Keyword,
GES_DISC,DIF,C1243477383.xml,Theme Keyword,
GES_DISC,DIF,C1243477383.xml,Theme Keyword,
GES_DISC,DIF,C1243477383.xml,Theme Keyword,
GES_DISC,DIF,C1243477383.xml,Theme Keyword,
GES_DISC,DIF,C1243477383.xml,Theme Keyword,
GES_DISC,DIF,C1243477383.xml,Theme Keyword,
GES_DISC,DIF,C1243477383.xml,Theme Keyword,
GES_DISC,DIF,C1243477383.xml,Theme Keyword,
GES_DISC,DIF,C1243477383.xml,Theme Keyword,
GES_DISC,DIF,C1243477383.xml,Theme Keyword,
GES_DISC,DIF,C1243477383.xml,Theme Keyword,
GES_DISC,DIF,C1243477383.xml,Theme Keyword,
GES_DISC,DIF,C1243477383.xml,Theme Keyword,
GES_DISC,DIF,C1243477383.xml,Theme Keyword,
GES_DISC,DIF,C1243477383.xml,Theme Keyword,
GES_DISC,DIF,C1243477383.xml,Theme Keyword,
GES_DISC,DIF,C1243477383.xml,Theme Keyword,
GES_DISC,DIF,C1243477383.xml,Theme Keyword,
GES_DISC,DIF,C1243477383.xml,Theme Keyword,
GES_DISC,DIF,C1243477383.xml,Theme Keyword,
GES_DISC,DIF,C1243477383.xml,Theme Keyword,
GES_DISC,DIF,C1243477383.xml,Theme Keyword,
GES_DISC,DIF,C1243477383.xml,Theme Keyword,
GES_DISC,DIF,C1243477383.xml,Theme Keyword,
GES_DISC,DIF,C1243477383.xml,Theme Keyword,
GES_DISC,DIF,C1243477383.xml,Theme Keyword,
GES_DISC,DIF,C1243477383.xml,Theme Keyword,
GES_DISC,DIF,C1243477383.xml,Theme Keyword,
GES_DISC,DIF,C1243477383.xml,Theme Keyword,
GES_DISC,DIF,C1243477383.xml,Theme Keyword,
GES_DISC,DIF,C1243477383.xml,Theme Keyword,
GES_DISC,DIF,C1243477383.xml,Theme Keyword,
GES_DISC,DIF,C1243477383.xml,Theme Keyword,
GES_DISC,DIF,C1243477383.xml,Theme Keyword,
GES_DISC,DIF,C1243477383.xml,Theme Keyword,
GES_DISC,DIF,C1243477383.xml,Theme Keyword,
GES_DISC,DIF,C1243477383.xml,Theme Keyword,
GES_DISC,DIF,C1243477383.xml,Theme Keyword,
GES_DISC,DIF,C1243477383.xml,Theme Keyword,
GES_DISC,DIF,C1243477383.xml,Theme Keyword,
GES_DISC,DIF,C1243477383.xml,Theme Keyword,
GES_DISC,DIF,C1243477383.xml,Theme Keyword,
GES_DISC,DIF,C1243477383.xml,Theme Keyword,
GES_DISC,DIF,C1243477383.xml,Theme Keyword,
GES_DISC,DIF,C1243477383.xml,Theme Keyword,
GES_DISC,DIF,C1243477383.xml,Theme Keyword,
GES_DISC,DIF,C1243477383.xml,Theme Keyword,
GES_DISC,DIF,C1243477383.xml,Theme Keyword,
GES_DISC,DIF,C1243477383.xml,Theme Keyword,
GES_DISC,DIF,C1243477383.xml,Theme Keyword,
GES_DISC,DIF,C1243477383.xml,Theme Keyword,
GES_DISC,DIF,C1243477383.xml,Theme Keyword,
GES_DISC,DIF,C1243477383.xml,Theme Keyword,
GES_DISC,DIF,C1243477383.xml,Theme Keyword,
GES_DISC,DIF,C1243477383.xml,Theme Keyword,
GES_DISC,DIF,C1243477383.xml,Theme Keyword,
GES_DISC,DIF,C1243477383.xml,Westernmost Longitude,
