GHRC,ECHO,C1274912.xml,Browse URL,
GHRC,ECHO,C1274912.xml,Distribution Contact,
GHRC,ECHO,C1274912.xml,Keyword,
GHRC,ECHO,C1274912.xml,Organization Name,
GHRC,ECHO,C1274912.xml,Place Keyword,
GHRC,ECHO,C1274912.xml,Platform,
GHRC,ECHO,C1274912.xml,Platform,
GHRC,ECHO,C1274912.xml,Platform,
GHRC,ECHO,C1274912.xml,Platform,
GHRC,ECHO,C1274912.xml,Platform,
GHRC,ECHO,C1274912.xml,Platform,
GHRC,ECHO,C1274912.xml,Platform,
GHRC,ECHO,C1274912.xml,Platform,
GHRC,ECHO,C1274912.xml,Platform,
GHRC,ECHO,C1274912.xml,Platform,
GHRC,ECHO,C1274912.xml,Platform,
GHRC,ECHO,C1274912.xml,Platform,
GHRC,ECHO,C1274912.xml,Platform,
GHRC,ECHO,C1274912.xml,Platform,
GHRC,ECHO,C1274912.xml,Platform,
GHRC,ECHO,C1274912.xml,Platform,
GHRC,ECHO,C1274912.xml,Platform,
GHRC,ECHO,C1274912.xml,Platform,
GHRC,ECHO,C1274912.xml,Platform,
GHRC,ECHO,C1274912.xml,Platform,
GHRC,ECHO,C1274912.xml,Platform,
GHRC,ECHO,C1274912.xml,Platform,
GHRC,ECHO,C1274912.xml,Platform,
GHRC,ECHO,C1274912.xml,Platform,
GHRC,ECHO,C1274912.xml,Platform,
GHRC,ECHO,C1274912.xml,Platform,
GHRC,ECHO,C1274912.xml,Platform,
GHRC,ECHO,C1274912.xml,Platform,
GHRC,ECHO,C1274912.xml,Platform,
GHRC,ECHO,C1274912.xml,Platform,
GHRC,ECHO,C1274912.xml,Platform,
GHRC,ECHO,C1274912.xml,Platform,
GHRC,ECHO,C1274912.xml,Platform,
GHRC,ECHO,C1274912.xml,Platform,
GHRC,ECHO,C1274912.xml,Platform,
GHRC,ECHO,C1274912.xml,Platform,
GHRC,ECHO,C1274912.xml,Platform,
GHRC,ECHO,C1274912.xml,Platform,
GHRC,ECHO,C1274912.xml,Platform,
GHRC,ECHO,C1274912.xml,Platform,
GHRC,ECHO,C1274912.xml,Platform,
GHRC,ECHO,C1274912.xml,Platform,
GHRC,ECHO,C1274912.xml,Platform,
GHRC,ECHO,C1274912.xml,Platform,
GHRC,ECHO,C1274912.xml,Platform,
GHRC,ECHO,C1274912.xml,Platform,
GHRC,ECHO,C1274912.xml,Platform,
GHRC,ECHO,C1274912.xml,Platform,
GHRC,ECHO,C1274912.xml,Platform,
GHRC,ECHO,C1274912.xml,Platform,
GHRC,ECHO,C1274912.xml,Platform,
GHRC,ECHO,C1274912.xml,Platform,
GHRC,ECHO,C1274912.xml,Platform,
GHRC,ECHO,C1274912.xml,Platform,
GHRC,ECHO,C1274912.xml,Platform,
GHRC,ECHO,C1274912.xml,Platform,
GHRC,ECHO,C1274912.xml,Platform,
GHRC,ECHO,C1274912.xml,Platform,
GHRC,ECHO,C1274912.xml,Platform,
GHRC,ECHO,C1274912.xml,Platform,
GHRC,ECHO,C1274912.xml,Platform,
GHRC,ECHO,C1274912.xml,Platform,
GHRC,ECHO,C1274912.xml,Platform,
GHRC,ECHO,C1274912.xml,Platform,
GHRC,ECHO,C1274912.xml,Platform,
GHRC,ECHO,C1274912.xml,Platform,
GHRC,ECHO,C1274912.xml,Platform,
GHRC,ECHO,C1274912.xml,Platform,
GHRC,ECHO,C1274912.xml,Platform,
GHRC,ECHO,C1274912.xml,Platform,
GHRC,ECHO,C1274912.xml,Platform,
GHRC,ECHO,C1274912.xml,Platform,
GHRC,ECHO,C1274912.xml,Platform,
GHRC,ECHO,C1274912.xml,Platform,
GHRC,ECHO,C1274912.xml,Platform,
GHRC,ECHO,C1274912.xml,Platform,
GHRC,ECHO,C1274912.xml,Platform,
GHRC,ECHO,C1274912.xml,Platform,
GHRC,ECHO,C1274912.xml,Platform,
GHRC,ECHO,C1274912.xml,Platform,
GHRC,ECHO,C1274912.xml,Platform,
GHRC,ECHO,C1274912.xml,Platform,
GHRC,ECHO,C1274912.xml,Platform,
GHRC,ECHO,C1274912.xml,Platform,
GHRC,ECHO,C1274912.xml,Platform,
GHRC,ECHO,C1274912.xml,Platform,
GHRC,ECHO,C1274912.xml,Platform,
GHRC,ECHO,C1274912.xml,Platform,
GHRC,ECHO,C1274912.xml,Platform,
GHRC,ECHO,C1274912.xml,Platform,
GHRC,ECHO,C1274912.xml,Platform,
GHRC,ECHO,C1274912.xml,Platform,
GHRC,ECHO,C1274912.xml,Platform,
GHRC,ECHO,C1274912.xml,Platform,
GHRC,ECHO,C1274912.xml,Platform,
GHRC,ECHO,C1274912.xml,Platform,
GHRC,ECHO,C1274912.xml,Platform,
GHRC,ECHO,C1274912.xml,Platform,
GHRC,ECHO,C1274912.xml,Platform,
GHRC,ECHO,C1274912.xml,Platform,
GHRC,ECHO,C1274912.xml,Platform,
GHRC,ECHO,C1274912.xml,Platform,
GHRC,ECHO,C1274912.xml,Platform,
GHRC,ECHO,C1274912.xml,Platform,
GHRC,ECHO,C1274912.xml,Platform,
GHRC,ECHO,C1274912.xml,Platform,
GHRC,ECHO,C1274912.xml,Platform,
GHRC,ECHO,C1274912.xml,Platform,
GHRC,ECHO,C1274912.xml,Platform,
GHRC,ECHO,C1274912.xml,Platform,
GHRC,ECHO,C1274912.xml,Platform,
GHRC,ECHO,C1274912.xml,Platform,
GHRC,ECHO,C1274912.xml,Platform,
GHRC,ECHO,C1274912.xml,Platform,
GHRC,ECHO,C1274912.xml,Platform,
GHRC,ECHO,C1274912.xml,Platform,
GHRC,ECHO,C1274912.xml,Platform,
GHRC,ECHO,C1274912.xml,Resource Contact,
GHRC,ECHO,C1274912.xml,Temporal Extent,
GHRC,ECHO,C1274912.xml,Temporal Extent,
GHRC,ECHO,C1490.xml,Browse URL,
GHRC,ECHO,C1490.xml,Distribution Contact,
GHRC,ECHO,C1490.xml,Keyword,
GHRC,ECHO,C1490.xml,Organization Name,
GHRC,ECHO,C1490.xml,Place Keyword,
GHRC,ECHO,C1490.xml,Platform,
GHRC,ECHO,C1490.xml,Platform,
GHRC,ECHO,C1490.xml,Platform,
GHRC,ECHO,C1490.xml,Platform,
GHRC,ECHO,C1490.xml,Platform,
GHRC,ECHO,C1490.xml,Platform,
GHRC,ECHO,C1490.xml,Platform,
GHRC,ECHO,C1490.xml,Platform,
GHRC,ECHO,C1490.xml,Platform,
GHRC,ECHO,C1490.xml,Platform,
GHRC,ECHO,C1490.xml,Platform,
GHRC,ECHO,C1490.xml,Platform,
GHRC,ECHO,C1490.xml,Platform,
GHRC,ECHO,C1490.xml,Platform,
GHRC,ECHO,C1490.xml,Platform,
GHRC,ECHO,C1490.xml,Platform,
GHRC,ECHO,C1490.xml,Platform,
GHRC,ECHO,C1490.xml,Platform,
GHRC,ECHO,C1490.xml,Platform,
GHRC,ECHO,C1490.xml,Platform,
GHRC,ECHO,C1490.xml,Platform,
GHRC,ECHO,C1490.xml,Platform,
GHRC,ECHO,C1490.xml,Platform,
GHRC,ECHO,C1490.xml,Platform,
GHRC,ECHO,C1490.xml,Platform,
GHRC,ECHO,C1490.xml,Platform,
GHRC,ECHO,C1490.xml,Resource Contact,
GHRC,ECHO,C1490.xml,Temporal Extent,
GHRC,ECHO,C1490.xml,Temporal Extent,
GHRC,ECHO,C1490.xml,Temporal Extent,
GHRC,ECHO,C1648353.xml,Browse URL,
GHRC,ECHO,C1648353.xml,Distribution Contact,
GHRC,ECHO,C1648353.xml,Keyword,
GHRC,ECHO,C1648353.xml,Organization Name,
GHRC,ECHO,C1648353.xml,Place Keyword,
GHRC,ECHO,C1648353.xml,Platform,
GHRC,ECHO,C1648353.xml,Platform,
GHRC,ECHO,C1648353.xml,Platform,
GHRC,ECHO,C1648353.xml,Platform,
GHRC,ECHO,C1648353.xml,Platform,
GHRC,ECHO,C1648353.xml,Platform,
GHRC,ECHO,C1648353.xml,Platform,
GHRC,ECHO,C1648353.xml,Platform,
GHRC,ECHO,C1648353.xml,Platform,
GHRC,ECHO,C1648353.xml,Platform,
GHRC,ECHO,C1648353.xml,Platform,
GHRC,ECHO,C1648353.xml,Platform,
GHRC,ECHO,C1648353.xml,Platform,
GHRC,ECHO,C1648353.xml,Resource Contact,
GHRC,ECHO,C1648353.xml,Temporal Extent,
GHRC,ECHO,C1648353.xml,Temporal Extent,
GHRC,ECHO,C1648353.xml,Temporal Extent,
GHRC,ECHO,C321562.xml,Browse URL,
GHRC,ECHO,C321562.xml,Distribution Contact,
GHRC,ECHO,C321562.xml,Keyword,
GHRC,ECHO,C321562.xml,Organization Name,
GHRC,ECHO,C321562.xml,Place Keyword,
GHRC,ECHO,C321562.xml,Platform,
GHRC,ECHO,C321562.xml,Platform,
GHRC,ECHO,C321562.xml,Platform,
GHRC,ECHO,C321562.xml,Platform,
GHRC,ECHO,C321562.xml,Platform,
GHRC,ECHO,C321562.xml,Platform,
GHRC,ECHO,C321562.xml,Platform,
GHRC,ECHO,C321562.xml,Platform,
GHRC,ECHO,C321562.xml,Platform,
GHRC,ECHO,C321562.xml,Platform,
GHRC,ECHO,C321562.xml,Platform,
GHRC,ECHO,C321562.xml,Platform,
GHRC,ECHO,C321562.xml,Platform,
GHRC,ECHO,C321562.xml,Platform,
GHRC,ECHO,C321562.xml,Platform,
GHRC,ECHO,C321562.xml,Platform,
GHRC,ECHO,C321562.xml,Platform,
GHRC,ECHO,C321562.xml,Platform,
GHRC,ECHO,C321562.xml,Platform,
GHRC,ECHO,C321562.xml,Platform,
GHRC,ECHO,C321562.xml,Platform,
GHRC,ECHO,C321562.xml,Platform,
GHRC,ECHO,C321562.xml,Platform,
GHRC,ECHO,C321562.xml,Platform,
GHRC,ECHO,C321562.xml,Platform,
GHRC,ECHO,C321562.xml,Platform,
GHRC,ECHO,C321562.xml,Platform,
GHRC,ECHO,C321562.xml,Platform,
GHRC,ECHO,C321562.xml,Platform,
GHRC,ECHO,C321562.xml,Resource Contact,
GHRC,ECHO,C321562.xml,Temporal Extent,
GHRC,ECHO,C321562.xml,Temporal Extent,
GHRC,ECHO,C321562.xml,Temporal Extent,
GHRC,ECHO,C321563.xml,Browse URL,
GHRC,ECHO,C321563.xml,Distribution Contact,
GHRC,ECHO,C321563.xml,Keyword,
GHRC,ECHO,C321563.xml,Organization Name,
GHRC,ECHO,C321563.xml,Place Keyword,
GHRC,ECHO,C321563.xml,Platform,
GHRC,ECHO,C321563.xml,Platform,
GHRC,ECHO,C321563.xml,Platform,
GHRC,ECHO,C321563.xml,Platform,
GHRC,ECHO,C321563.xml,Platform,
GHRC,ECHO,C321563.xml,Platform,
GHRC,ECHO,C321563.xml,Platform,
GHRC,ECHO,C321563.xml,Platform,
GHRC,ECHO,C321563.xml,Platform,
GHRC,ECHO,C321563.xml,Platform,
GHRC,ECHO,C321563.xml,Platform,
GHRC,ECHO,C321563.xml,Platform,
GHRC,ECHO,C321563.xml,Platform,
GHRC,ECHO,C321563.xml,Platform,
GHRC,ECHO,C321563.xml,Platform,
GHRC,ECHO,C321563.xml,Platform,
GHRC,ECHO,C321563.xml,Platform,
GHRC,ECHO,C321563.xml,Platform,
GHRC,ECHO,C321563.xml,Platform,
GHRC,ECHO,C321563.xml,Platform,
GHRC,ECHO,C321563.xml,Platform,
GHRC,ECHO,C321563.xml,Resource Contact,
GHRC,ECHO,C321563.xml,Temporal Extent,
GHRC,ECHO,C321563.xml,Temporal Extent,
GHRC,ECHO,C321563.xml,Temporal Extent,
