GHRC,DIF,C1274912.xml,Abstract,
GHRC,DIF,C1274912.xml,Abstract,
GHRC,DIF,C1274912.xml,Award Link,
GHRC,DIF,C1274912.xml,Award Link,
GHRC,DIF,C1274912.xml,Award Link,
GHRC,DIF,C1274912.xml,Award Link,
GHRC,DIF,C1274912.xml,Bounding Box,
GHRC,DIF,C1274912.xml,Bounding Box,
GHRC,DIF,C1274912.xml,Bounding Box,
GHRC,DIF,C1274912.xml,Bounding Box,
GHRC,DIF,C1274912.xml,Easternmost Longitude,
GHRC,DIF,C1274912.xml,Email,
GHRC,DIF,C1274912.xml,Instrument,
GHRC,DIF,C1274912.xml,Instrument,
GHRC,DIF,C1274912.xml,Instrument,
GHRC,DIF,C1274912.xml,Instrument,
GHRC,DIF,C1274912.xml,Instrument,
GHRC,DIF,C1274912.xml,Instrument,
GHRC,DIF,C1274912.xml,Instrument,
GHRC,DIF,C1274912.xml,Instrument,
GHRC,DIF,C1274912.xml,Instrument,
GHRC,DIF,C1274912.xml,Instrument Keyword,
GHRC,DIF,C1274912.xml,Instrument Keyword,
GHRC,DIF,C1274912.xml,Instrument Keyword,
GHRC,DIF,C1274912.xml,Instrument Keyword,
GHRC,DIF,C1274912.xml,Instrument Keyword,
GHRC,DIF,C1274912.xml,Instrument Keyword,
GHRC,DIF,C1274912.xml,Instrument Keyword,
GHRC,DIF,C1274912.xml,Instrument Keyword,
GHRC,DIF,C1274912.xml,Instrument Keyword,
GHRC,DIF,C1274912.xml,Instrument Keyword,
GHRC,DIF,C1274912.xml,Instrument Keyword,
GHRC,DIF,C1274912.xml,Instrument Keyword,
GHRC,DIF,C1274912.xml,Instrument Keyword,
GHRC,DIF,C1274912.xml,Instrument Keyword,
GHRC,DIF,C1274912.xml,Instrument Keyword,
GHRC,DIF,C1274912.xml,Instrument Keyword,
GHRC,DIF,C1274912.xml,Instrument Keyword,
GHRC,DIF,C1274912.xml,Instrument Keyword,
GHRC,DIF,C1274912.xml,Instrument Long Name,
GHRC,DIF,C1274912.xml,Instrument Long Name,
GHRC,DIF,C1274912.xml,Instrument Long Name,
GHRC,DIF,C1274912.xml,Instrument Long Name,
GHRC,DIF,C1274912.xml,Instrument Long Name,
GHRC,DIF,C1274912.xml,Instrument Long Name,
GHRC,DIF,C1274912.xml,Instrument Long Name,
GHRC,DIF,C1274912.xml,Instrument Long Name,
GHRC,DIF,C1274912.xml,Instrument Long Name,
GHRC,DIF,C1274912.xml,Instrument Short Name,
GHRC,DIF,C1274912.xml,Instrument Short Name,
GHRC,DIF,C1274912.xml,Instrument Short Name,
GHRC,DIF,C1274912.xml,Instrument Short Name,
GHRC,DIF,C1274912.xml,Instrument Short Name,
GHRC,DIF,C1274912.xml,Instrument Short Name,
GHRC,DIF,C1274912.xml,Instrument Short Name,
GHRC,DIF,C1274912.xml,Instrument Short Name,
GHRC,DIF,C1274912.xml,Instrument Short Name,
GHRC,DIF,C1274912.xml,Keyword,
GHRC,DIF,C1274912.xml,Keyword,
GHRC,DIF,C1274912.xml,Keyword,
GHRC,DIF,C1274912.xml,Keyword,
GHRC,DIF,C1274912.xml,Keyword,
GHRC,DIF,C1274912.xml,Keyword,
GHRC,DIF,C1274912.xml,Keyword,
GHRC,DIF,C1274912.xml,Keyword,
GHRC,DIF,C1274912.xml,Keyword,
GHRC,DIF,C1274912.xml,Keyword,
GHRC,DIF,C1274912.xml,Keyword,
GHRC,DIF,C1274912.xml,Keyword,
GHRC,DIF,C1274912.xml,Keyword,
GHRC,DIF,C1274912.xml,Keyword,
GHRC,DIF,C1274912.xml,Keyword,
GHRC,DIF,C1274912.xml,Keyword,
GHRC,DIF,C1274912.xml,Keyword,
GHRC,DIF,C1274912.xml,Keyword,
GHRC,DIF,C1274912.xml,Keyword,
GHRC,DIF,C1274912.xml,Keyword,
GHRC,DIF,C1274912.xml,Keyword,
GHRC,DIF,C1274912.xml,Keyword,
GHRC,DIF,C1274912.xml,Keyword,
GHRC,DIF,C1274912.xml,Keyword,
GHRC,DIF,C1274912.xml,Keyword,
GHRC,DIF,C1274912.xml,Keyword,
GHRC,DIF,C1274912.xml,Keyword,
GHRC,DIF,C1274912.xml,Keyword,
GHRC,DIF,C1274912.xml,Keyword,
GHRC,DIF,C1274912.xml,Keyword,
GHRC,DIF,C1274912.xml,Keyword,
GHRC,DIF,C1274912.xml,Keyword,
GHRC,DIF,C1274912.xml,Keyword,
GHRC,DIF,C1274912.xml,Keyword,
GHRC,DIF,C1274912.xml,Keyword,
GHRC,DIF,C1274912.xml,Keyword,
GHRC,DIF,C1274912.xml,Keyword,
GHRC,DIF,C1274912.xml,Keyword,
GHRC,DIF,C1274912.xml,Metadata Dates,
GHRC,DIF,C1274912.xml,Metadata Dates,
GHRC,DIF,C1274912.xml,Metadata Identifier,
GHRC,DIF,C1274912.xml,Metadata Modified Date,
GHRC,DIF,C1274912.xml,Metadata Modified Date,
GHRC,DIF,C1274912.xml,Metadata Standard Citation,
GHRC,DIF,C1274912.xml,Metadata Standard Version,
GHRC,DIF,C1274912.xml,Northernmost Latitude,
GHRC,DIF,C1274912.xml,Online Resource Name/Title,
GHRC,DIF,C1274912.xml,Party,
GHRC,DIF,C1274912.xml,Party,
GHRC,DIF,C1274912.xml,Platform,
GHRC,DIF,C1274912.xml,Platform,
GHRC,DIF,C1274912.xml,Platform,
GHRC,DIF,C1274912.xml,Platform,
GHRC,DIF,C1274912.xml,Platform,
GHRC,DIF,C1274912.xml,Platform,
GHRC,DIF,C1274912.xml,Platform,
GHRC,DIF,C1274912.xml,Platform,
GHRC,DIF,C1274912.xml,Platform,
GHRC,DIF,C1274912.xml,Platform,
GHRC,DIF,C1274912.xml,Platform,
GHRC,DIF,C1274912.xml,Platform,
GHRC,DIF,C1274912.xml,Platform,
GHRC,DIF,C1274912.xml,Platform,
GHRC,DIF,C1274912.xml,Platform,
GHRC,DIF,C1274912.xml,Platform,
GHRC,DIF,C1274912.xml,Platform,
GHRC,DIF,C1274912.xml,Platform,
GHRC,DIF,C1274912.xml,Platform Keyword,
GHRC,DIF,C1274912.xml,Platform Keyword,
GHRC,DIF,C1274912.xml,Platform Keyword,
GHRC,DIF,C1274912.xml,Platform Keyword,
GHRC,DIF,C1274912.xml,Platform Keyword,
GHRC,DIF,C1274912.xml,Platform Keyword,
GHRC,DIF,C1274912.xml,Platform Keyword,
GHRC,DIF,C1274912.xml,Platform Keyword,
GHRC,DIF,C1274912.xml,Platform Keyword,
GHRC,DIF,C1274912.xml,Platform Keyword,
GHRC,DIF,C1274912.xml,Platform Keyword,
GHRC,DIF,C1274912.xml,Platform Keyword,
GHRC,DIF,C1274912.xml,Platform Keyword,
GHRC,DIF,C1274912.xml,Platform Keyword,
GHRC,DIF,C1274912.xml,Platform Keyword,
GHRC,DIF,C1274912.xml,Platform Keyword,
GHRC,DIF,C1274912.xml,Platform Keyword,
GHRC,DIF,C1274912.xml,Platform Keyword,
GHRC,DIF,C1274912.xml,Platform Long Name,
GHRC,DIF,C1274912.xml,Platform Long Name,
GHRC,DIF,C1274912.xml,Platform Long Name,
GHRC,DIF,C1274912.xml,Platform Long Name,
GHRC,DIF,C1274912.xml,Platform Long Name,
GHRC,DIF,C1274912.xml,Platform Long Name,
GHRC,DIF,C1274912.xml,Platform Long Name,
GHRC,DIF,C1274912.xml,Platform Long Name,
GHRC,DIF,C1274912.xml,Platform Long Name,
GHRC,DIF,C1274912.xml,Platform Short Name,
GHRC,DIF,C1274912.xml,Platform Short Name,
GHRC,DIF,C1274912.xml,Platform Short Name,
GHRC,DIF,C1274912.xml,Platform Short Name,
GHRC,DIF,C1274912.xml,Platform Short Name,
GHRC,DIF,C1274912.xml,Platform Short Name,
GHRC,DIF,C1274912.xml,Platform Short Name,
GHRC,DIF,C1274912.xml,Platform Short Name,
GHRC,DIF,C1274912.xml,Platform Short Name,
GHRC,DIF,C1274912.xml,Processing Level,
GHRC,DIF,C1274912.xml,Product Link,
GHRC,DIF,C1274912.xml,Product Link,
GHRC,DIF,C1274912.xml,Product Link,
GHRC,DIF,C1274912.xml,Product Link,
GHRC,DIF,C1274912.xml,Project Keyword,
GHRC,DIF,C1274912.xml,Project Keyword,
GHRC,DIF,C1274912.xml,Project Name,
GHRC,DIF,C1274912.xml,Project Website Link,
GHRC,DIF,C1274912.xml,Project Website Link,
GHRC,DIF,C1274912.xml,Project Website Link,
GHRC,DIF,C1274912.xml,Project Website Link,
GHRC,DIF,C1274912.xml,Purpose,
GHRC,DIF,C1274912.xml,Quality Statement,
GHRC,DIF,C1274912.xml,Related URL,
GHRC,DIF,C1274912.xml,Related URL,
GHRC,DIF,C1274912.xml,Related URL,
GHRC,DIF,C1274912.xml,Related URL,
GHRC,DIF,C1274912.xml,Resource Citation,
GHRC,DIF,C1274912.xml,Resource Title,
GHRC,DIF,C1274912.xml,Resource Use Constraints,
GHRC,DIF,C1274912.xml,Resource on-line Link,
GHRC,DIF,C1274912.xml,Resource on-line Link,
GHRC,DIF,C1274912.xml,Resource on-line Link,
GHRC,DIF,C1274912.xml,Resource on-line Link,
GHRC,DIF,C1274912.xml,Responsibility,
GHRC,DIF,C1274912.xml,Responsibility,
GHRC,DIF,C1274912.xml,Responsibility,
GHRC,DIF,C1274912.xml,Role,
GHRC,DIF,C1274912.xml,Security Constraints,
GHRC,DIF,C1274912.xml,Southernmost Latitude,
GHRC,DIF,C1274912.xml,Spatial Extent,
GHRC,DIF,C1274912.xml,Spatial Extent,
GHRC,DIF,C1274912.xml,Spatial Extent,
GHRC,DIF,C1274912.xml,Spatial Extent,
GHRC,DIF,C1274912.xml,Spatial Representation,
GHRC,DIF,C1274912.xml,Spatial Representation,
GHRC,DIF,C1274912.xml,Spatial Representation,
GHRC,DIF,C1274912.xml,Spatial Representation,
GHRC,DIF,C1274912.xml,Spatial Representation,
GHRC,DIF,C1274912.xml,Start Time,
GHRC,DIF,C1274912.xml,Temporal Extent,
GHRC,DIF,C1274912.xml,Theme Keyword,
GHRC,DIF,C1274912.xml,Theme Keyword,
GHRC,DIF,C1274912.xml,Theme Keyword,
GHRC,DIF,C1274912.xml,Theme Keyword,
GHRC,DIF,C1274912.xml,Westernmost Longitude,
GHRC,DIF,C1490.xml,Abstract,
GHRC,DIF,C1490.xml,Abstract,
GHRC,DIF,C1490.xml,Award Link,
GHRC,DIF,C1490.xml,Award Link,
GHRC,DIF,C1490.xml,Award Link,
GHRC,DIF,C1490.xml,Award Link,
GHRC,DIF,C1490.xml,Award Link,
GHRC,DIF,C1490.xml,Award Link,
GHRC,DIF,C1490.xml,Bounding Box,
GHRC,DIF,C1490.xml,Bounding Box,
GHRC,DIF,C1490.xml,Bounding Box,
GHRC,DIF,C1490.xml,Bounding Box,
GHRC,DIF,C1490.xml,Easternmost Longitude,
GHRC,DIF,C1490.xml,Email,
GHRC,DIF,C1490.xml,End Time,
GHRC,DIF,C1490.xml,Instrument,
GHRC,DIF,C1490.xml,Instrument,
GHRC,DIF,C1490.xml,Instrument Keyword,
GHRC,DIF,C1490.xml,Instrument Keyword,
GHRC,DIF,C1490.xml,Instrument Keyword,
GHRC,DIF,C1490.xml,Instrument Keyword,
GHRC,DIF,C1490.xml,Instrument Long Name,
GHRC,DIF,C1490.xml,Instrument Long Name,
GHRC,DIF,C1490.xml,Instrument Short Name,
GHRC,DIF,C1490.xml,Instrument Short Name,
GHRC,DIF,C1490.xml,Keyword,
GHRC,DIF,C1490.xml,Keyword,
GHRC,DIF,C1490.xml,Keyword,
GHRC,DIF,C1490.xml,Keyword,
GHRC,DIF,C1490.xml,Keyword,
GHRC,DIF,C1490.xml,Keyword,
GHRC,DIF,C1490.xml,Keyword,
GHRC,DIF,C1490.xml,Keyword,
GHRC,DIF,C1490.xml,Keyword,
GHRC,DIF,C1490.xml,Keyword,
GHRC,DIF,C1490.xml,Metadata Dates,
GHRC,DIF,C1490.xml,Metadata Dates,
GHRC,DIF,C1490.xml,Metadata Identifier,
GHRC,DIF,C1490.xml,Metadata Modified Date,
GHRC,DIF,C1490.xml,Metadata Modified Date,
GHRC,DIF,C1490.xml,Metadata Standard Citation,
GHRC,DIF,C1490.xml,Metadata Standard Version,
GHRC,DIF,C1490.xml,Northernmost Latitude,
GHRC,DIF,C1490.xml,Online Resource Name/Title,
GHRC,DIF,C1490.xml,Party,
GHRC,DIF,C1490.xml,Party,
GHRC,DIF,C1490.xml,Platform,
GHRC,DIF,C1490.xml,Platform,
GHRC,DIF,C1490.xml,Platform,
GHRC,DIF,C1490.xml,Platform,
GHRC,DIF,C1490.xml,Platform Keyword,
GHRC,DIF,C1490.xml,Platform Keyword,
GHRC,DIF,C1490.xml,Platform Keyword,
GHRC,DIF,C1490.xml,Platform Keyword,
GHRC,DIF,C1490.xml,Platform Long Name,
GHRC,DIF,C1490.xml,Platform Long Name,
GHRC,DIF,C1490.xml,Platform Short Name,
GHRC,DIF,C1490.xml,Platform Short Name,
GHRC,DIF,C1490.xml,Processing Level,
GHRC,DIF,C1490.xml,Product Link,
GHRC,DIF,C1490.xml,Product Link,
GHRC,DIF,C1490.xml,Product Link,
GHRC,DIF,C1490.xml,Product Link,
GHRC,DIF,C1490.xml,Product Link,
GHRC,DIF,C1490.xml,Product Link,
GHRC,DIF,C1490.xml,Project Keyword,
GHRC,DIF,C1490.xml,Project Keyword,
GHRC,DIF,C1490.xml,Project Name,
GHRC,DIF,C1490.xml,Project Website Link,
GHRC,DIF,C1490.xml,Project Website Link,
GHRC,DIF,C1490.xml,Project Website Link,
GHRC,DIF,C1490.xml,Project Website Link,
GHRC,DIF,C1490.xml,Project Website Link,
GHRC,DIF,C1490.xml,Project Website Link,
GHRC,DIF,C1490.xml,Purpose,
GHRC,DIF,C1490.xml,Quality Statement,
GHRC,DIF,C1490.xml,Related URL,
GHRC,DIF,C1490.xml,Related URL,
GHRC,DIF,C1490.xml,Related URL,
GHRC,DIF,C1490.xml,Related URL,
GHRC,DIF,C1490.xml,Related URL,
GHRC,DIF,C1490.xml,Related URL,
GHRC,DIF,C1490.xml,Resource Citation,
GHRC,DIF,C1490.xml,Resource Title,
GHRC,DIF,C1490.xml,Resource Use Constraints,
GHRC,DIF,C1490.xml,Resource on-line Link,
GHRC,DIF,C1490.xml,Resource on-line Link,
GHRC,DIF,C1490.xml,Resource on-line Link,
GHRC,DIF,C1490.xml,Resource on-line Link,
GHRC,DIF,C1490.xml,Resource on-line Link,
GHRC,DIF,C1490.xml,Resource on-line Link,
GHRC,DIF,C1490.xml,Responsibility,
GHRC,DIF,C1490.xml,Responsibility,
GHRC,DIF,C1490.xml,Responsibility,
GHRC,DIF,C1490.xml,Role,
GHRC,DIF,C1490.xml,Security Constraints,
GHRC,DIF,C1490.xml,Southernmost Latitude,
GHRC,DIF,C1490.xml,Spatial Extent,
GHRC,DIF,C1490.xml,Spatial Extent,
GHRC,DIF,C1490.xml,Spatial Extent,
GHRC,DIF,C1490.xml,Spatial Extent,
GHRC,DIF,C1490.xml,Spatial Representation,
GHRC,DIF,C1490.xml,Spatial Representation,
GHRC,DIF,C1490.xml,Spatial Representation,
GHRC,DIF,C1490.xml,Spatial Representation,
GHRC,DIF,C1490.xml,Spatial Representation,
GHRC,DIF,C1490.xml,Start Time,
GHRC,DIF,C1490.xml,Temporal Extent,
GHRC,DIF,C1490.xml,Temporal Extent,
GHRC,DIF,C1490.xml,Theme Keyword,
GHRC,DIF,C1490.xml,Theme Keyword,
GHRC,DIF,C1490.xml,Theme Keyword,
GHRC,DIF,C1490.xml,Theme Keyword,
GHRC,DIF,C1490.xml,Theme Keyword,
GHRC,DIF,C1490.xml,Theme Keyword,
GHRC,DIF,C1490.xml,Theme Keyword,
GHRC,DIF,C1490.xml,Theme Keyword,
GHRC,DIF,C1490.xml,Theme Keyword,
GHRC,DIF,C1490.xml,Theme Keyword,
GHRC,DIF,C1490.xml,Theme Keyword,
GHRC,DIF,C1490.xml,Theme Keyword,
GHRC,DIF,C1490.xml,Westernmost Longitude,
GHRC,DIF,C1648353.xml,Abstract,
GHRC,DIF,C1648353.xml,Abstract,
GHRC,DIF,C1648353.xml,Award Link,
GHRC,DIF,C1648353.xml,Award Link,
GHRC,DIF,C1648353.xml,Award Link,
GHRC,DIF,C1648353.xml,Award Link,
GHRC,DIF,C1648353.xml,Award Link,
GHRC,DIF,C1648353.xml,Award Link,
GHRC,DIF,C1648353.xml,Award Link,
GHRC,DIF,C1648353.xml,Bounding Box,
GHRC,DIF,C1648353.xml,Bounding Box,
GHRC,DIF,C1648353.xml,Bounding Box,
GHRC,DIF,C1648353.xml,Bounding Box,
GHRC,DIF,C1648353.xml,Easternmost Longitude,
GHRC,DIF,C1648353.xml,Email,
GHRC,DIF,C1648353.xml,End Time,
GHRC,DIF,C1648353.xml,Instrument,
GHRC,DIF,C1648353.xml,Instrument Keyword,
GHRC,DIF,C1648353.xml,Instrument Keyword,
GHRC,DIF,C1648353.xml,Instrument Long Name,
GHRC,DIF,C1648353.xml,Instrument Short Name,
GHRC,DIF,C1648353.xml,Keyword,
GHRC,DIF,C1648353.xml,Keyword,
GHRC,DIF,C1648353.xml,Keyword,
GHRC,DIF,C1648353.xml,Keyword,
GHRC,DIF,C1648353.xml,Keyword,
GHRC,DIF,C1648353.xml,Keyword,
GHRC,DIF,C1648353.xml,Metadata Dates,
GHRC,DIF,C1648353.xml,Metadata Dates,
GHRC,DIF,C1648353.xml,Metadata Identifier,
GHRC,DIF,C1648353.xml,Metadata Modified Date,
GHRC,DIF,C1648353.xml,Metadata Modified Date,
GHRC,DIF,C1648353.xml,Metadata Standard Citation,
GHRC,DIF,C1648353.xml,Metadata Standard Version,
GHRC,DIF,C1648353.xml,Northernmost Latitude,
GHRC,DIF,C1648353.xml,Online Resource Name/Title,
GHRC,DIF,C1648353.xml,Party,
GHRC,DIF,C1648353.xml,Party,
GHRC,DIF,C1648353.xml,Platform,
GHRC,DIF,C1648353.xml,Platform,
GHRC,DIF,C1648353.xml,Platform Keyword,
GHRC,DIF,C1648353.xml,Platform Keyword,
GHRC,DIF,C1648353.xml,Platform Long Name,
GHRC,DIF,C1648353.xml,Platform Short Name,
GHRC,DIF,C1648353.xml,Processing Level,
GHRC,DIF,C1648353.xml,Product Link,
GHRC,DIF,C1648353.xml,Product Link,
GHRC,DIF,C1648353.xml,Product Link,
GHRC,DIF,C1648353.xml,Product Link,
GHRC,DIF,C1648353.xml,Product Link,
GHRC,DIF,C1648353.xml,Product Link,
GHRC,DIF,C1648353.xml,Product Link,
GHRC,DIF,C1648353.xml,Project Keyword,
GHRC,DIF,C1648353.xml,Project Keyword,
GHRC,DIF,C1648353.xml,Project Name,
GHRC,DIF,C1648353.xml,Project Website Link,
GHRC,DIF,C1648353.xml,Project Website Link,
GHRC,DIF,C1648353.xml,Project Website Link,
GHRC,DIF,C1648353.xml,Project Website Link,
GHRC,DIF,C1648353.xml,Project Website Link,
GHRC,DIF,C1648353.xml,Project Website Link,
GHRC,DIF,C1648353.xml,Project Website Link,
GHRC,DIF,C1648353.xml,Purpose,
GHRC,DIF,C1648353.xml,Quality Statement,
GHRC,DIF,C1648353.xml,Related URL,
GHRC,DIF,C1648353.xml,Related URL,
GHRC,DIF,C1648353.xml,Related URL,
GHRC,DIF,C1648353.xml,Related URL,
GHRC,DIF,C1648353.xml,Related URL,
GHRC,DIF,C1648353.xml,Related URL,
GHRC,DIF,C1648353.xml,Related URL,
GHRC,DIF,C1648353.xml,Resource Citation,
GHRC,DIF,C1648353.xml,Resource Title,
GHRC,DIF,C1648353.xml,Resource Use Constraints,
GHRC,DIF,C1648353.xml,Resource on-line Link,
GHRC,DIF,C1648353.xml,Resource on-line Link,
GHRC,DIF,C1648353.xml,Resource on-line Link,
GHRC,DIF,C1648353.xml,Resource on-line Link,
GHRC,DIF,C1648353.xml,Resource on-line Link,
GHRC,DIF,C1648353.xml,Resource on-line Link,
GHRC,DIF,C1648353.xml,Resource on-line Link,
GHRC,DIF,C1648353.xml,Responsibility,
GHRC,DIF,C1648353.xml,Responsibility,
GHRC,DIF,C1648353.xml,Responsibility,
GHRC,DIF,C1648353.xml,Role,
GHRC,DIF,C1648353.xml,Security Constraints,
GHRC,DIF,C1648353.xml,Southernmost Latitude,
GHRC,DIF,C1648353.xml,Spatial Extent,
GHRC,DIF,C1648353.xml,Spatial Extent,
GHRC,DIF,C1648353.xml,Spatial Extent,
GHRC,DIF,C1648353.xml,Spatial Extent,
GHRC,DIF,C1648353.xml,Spatial Representation,
GHRC,DIF,C1648353.xml,Spatial Representation,
GHRC,DIF,C1648353.xml,Spatial Representation,
GHRC,DIF,C1648353.xml,Spatial Representation,
GHRC,DIF,C1648353.xml,Spatial Representation,
GHRC,DIF,C1648353.xml,Start Time,
GHRC,DIF,C1648353.xml,Temporal Extent,
GHRC,DIF,C1648353.xml,Temporal Extent,
GHRC,DIF,C1648353.xml,Theme Keyword,
GHRC,DIF,C1648353.xml,Theme Keyword,
GHRC,DIF,C1648353.xml,Theme Keyword,
GHRC,DIF,C1648353.xml,Theme Keyword,
GHRC,DIF,C1648353.xml,Theme Keyword,
GHRC,DIF,C1648353.xml,Theme Keyword,
GHRC,DIF,C1648353.xml,Theme Keyword,
GHRC,DIF,C1648353.xml,Theme Keyword,
GHRC,DIF,C1648353.xml,Westernmost Longitude,
GHRC,DIF,C321562.xml,Abstract,
GHRC,DIF,C321562.xml,Abstract,
GHRC,DIF,C321562.xml,Award Link,
GHRC,DIF,C321562.xml,Award Link,
GHRC,DIF,C321562.xml,Award Link,
GHRC,DIF,C321562.xml,Award Link,
GHRC,DIF,C321562.xml,Award Link,
GHRC,DIF,C321562.xml,Award Link,
GHRC,DIF,C321562.xml,Bounding Box,
GHRC,DIF,C321562.xml,Bounding Box,
GHRC,DIF,C321562.xml,Bounding Box,
GHRC,DIF,C321562.xml,Bounding Box,
GHRC,DIF,C321562.xml,Easternmost Longitude,
GHRC,DIF,C321562.xml,Email,
GHRC,DIF,C321562.xml,End Time,
GHRC,DIF,C321562.xml,Instrument,
GHRC,DIF,C321562.xml,Instrument,
GHRC,DIF,C321562.xml,Instrument,
GHRC,DIF,C321562.xml,Instrument Keyword,
GHRC,DIF,C321562.xml,Instrument Keyword,
GHRC,DIF,C321562.xml,Instrument Keyword,
GHRC,DIF,C321562.xml,Instrument Keyword,
GHRC,DIF,C321562.xml,Instrument Keyword,
GHRC,DIF,C321562.xml,Instrument Keyword,
GHRC,DIF,C321562.xml,Instrument Long Name,
GHRC,DIF,C321562.xml,Instrument Short Name,
GHRC,DIF,C321562.xml,Instrument Short Name,
GHRC,DIF,C321562.xml,Instrument Short Name,
GHRC,DIF,C321562.xml,Keyword,
GHRC,DIF,C321562.xml,Keyword,
GHRC,DIF,C321562.xml,Keyword,
GHRC,DIF,C321562.xml,Keyword,
GHRC,DIF,C321562.xml,Keyword,
GHRC,DIF,C321562.xml,Keyword,
GHRC,DIF,C321562.xml,Keyword,
GHRC,DIF,C321562.xml,Keyword,
GHRC,DIF,C321562.xml,Keyword,
GHRC,DIF,C321562.xml,Keyword,
GHRC,DIF,C321562.xml,Metadata Dates,
GHRC,DIF,C321562.xml,Metadata Dates,
GHRC,DIF,C321562.xml,Metadata Identifier,
GHRC,DIF,C321562.xml,Metadata Modified Date,
GHRC,DIF,C321562.xml,Metadata Modified Date,
GHRC,DIF,C321562.xml,Metadata Standard Citation,
GHRC,DIF,C321562.xml,Metadata Standard Version,
GHRC,DIF,C321562.xml,Northernmost Latitude,
GHRC,DIF,C321562.xml,Online Resource Name/Title,
GHRC,DIF,C321562.xml,Party,
GHRC,DIF,C321562.xml,Party,
GHRC,DIF,C321562.xml,Platform,
GHRC,DIF,C321562.xml,Platform,
GHRC,DIF,C321562.xml,Platform Keyword,
GHRC,DIF,C321562.xml,Platform Keyword,
GHRC,DIF,C321562.xml,Platform Long Name,
GHRC,DIF,C321562.xml,Platform Short Name,
GHRC,DIF,C321562.xml,Processing Level,
GHRC,DIF,C321562.xml,Product Link,
GHRC,DIF,C321562.xml,Product Link,
GHRC,DIF,C321562.xml,Product Link,
GHRC,DIF,C321562.xml,Product Link,
GHRC,DIF,C321562.xml,Product Link,
GHRC,DIF,C321562.xml,Product Link,
GHRC,DIF,C321562.xml,Project Keyword,
GHRC,DIF,C321562.xml,Project Keyword,
GHRC,DIF,C321562.xml,Project Name,
GHRC,DIF,C321562.xml,Project Website Link,
GHRC,DIF,C321562.xml,Project Website Link,
GHRC,DIF,C321562.xml,Project Website Link,
GHRC,DIF,C321562.xml,Project Website Link,
GHRC,DIF,C321562.xml,Project Website Link,
GHRC,DIF,C321562.xml,Project Website Link,
GHRC,DIF,C321562.xml,Purpose,
GHRC,DIF,C321562.xml,Quality Statement,
GHRC,DIF,C321562.xml,Related URL,
GHRC,DIF,C321562.xml,Related URL,
GHRC,DIF,C321562.xml,Related URL,
GHRC,DIF,C321562.xml,Related URL,
GHRC,DIF,C321562.xml,Related URL,
GHRC,DIF,C321562.xml,Related URL,
GHRC,DIF,C321562.xml,Resource Citation,
GHRC,DIF,C321562.xml,Resource Title,
GHRC,DIF,C321562.xml,Resource Use Constraints,
GHRC,DIF,C321562.xml,Resource on-line Link,
GHRC,DIF,C321562.xml,Resource on-line Link,
GHRC,DIF,C321562.xml,Resource on-line Link,
GHRC,DIF,C321562.xml,Resource on-line Link,
GHRC,DIF,C321562.xml,Resource on-line Link,
GHRC,DIF,C321562.xml,Resource on-line Link,
GHRC,DIF,C321562.xml,Responsibility,
GHRC,DIF,C321562.xml,Responsibility,
GHRC,DIF,C321562.xml,Responsibility,
GHRC,DIF,C321562.xml,Role,
GHRC,DIF,C321562.xml,Security Constraints,
GHRC,DIF,C321562.xml,Southernmost Latitude,
GHRC,DIF,C321562.xml,Spatial Extent,
GHRC,DIF,C321562.xml,Spatial Extent,
GHRC,DIF,C321562.xml,Spatial Extent,
GHRC,DIF,C321562.xml,Spatial Extent,
GHRC,DIF,C321562.xml,Spatial Representation,
GHRC,DIF,C321562.xml,Spatial Representation,
GHRC,DIF,C321562.xml,Spatial Representation,
GHRC,DIF,C321562.xml,Spatial Representation,
GHRC,DIF,C321562.xml,Spatial Representation,
GHRC,DIF,C321562.xml,Start Time,
GHRC,DIF,C321562.xml,Temporal Extent,
GHRC,DIF,C321562.xml,Temporal Extent,
GHRC,DIF,C321562.xml,Theme Keyword,
GHRC,DIF,C321562.xml,Theme Keyword,
GHRC,DIF,C321562.xml,Theme Keyword,
GHRC,DIF,C321562.xml,Theme Keyword,
GHRC,DIF,C321562.xml,Theme Keyword,
GHRC,DIF,C321562.xml,Theme Keyword,
GHRC,DIF,C321562.xml,Theme Keyword,
GHRC,DIF,C321562.xml,Theme Keyword,
GHRC,DIF,C321562.xml,Theme Keyword,
GHRC,DIF,C321562.xml,Theme Keyword,
GHRC,DIF,C321562.xml,Theme Keyword,
GHRC,DIF,C321562.xml,Theme Keyword,
GHRC,DIF,C321562.xml,Theme Keyword,
GHRC,DIF,C321562.xml,Theme Keyword,
GHRC,DIF,C321562.xml,Theme Keyword,
GHRC,DIF,C321562.xml,Theme Keyword,
GHRC,DIF,C321562.xml,Theme Keyword,
GHRC,DIF,C321562.xml,Theme Keyword,
GHRC,DIF,C321562.xml,Theme Keyword,
GHRC,DIF,C321562.xml,Theme Keyword,
GHRC,DIF,C321562.xml,Westernmost Longitude,
GHRC,DIF,C321563.xml,Abstract,
GHRC,DIF,C321563.xml,Abstract,
GHRC,DIF,C321563.xml,Award Link,
GHRC,DIF,C321563.xml,Award Link,
GHRC,DIF,C321563.xml,Award Link,
GHRC,DIF,C321563.xml,Award Link,
GHRC,DIF,C321563.xml,Bounding Box,
GHRC,DIF,C321563.xml,Bounding Box,
GHRC,DIF,C321563.xml,Bounding Box,
GHRC,DIF,C321563.xml,Bounding Box,
GHRC,DIF,C321563.xml,Easternmost Longitude,
GHRC,DIF,C321563.xml,Email,
GHRC,DIF,C321563.xml,End Time,
GHRC,DIF,C321563.xml,Instrument,
GHRC,DIF,C321563.xml,Instrument,
GHRC,DIF,C321563.xml,Instrument Keyword,
GHRC,DIF,C321563.xml,Instrument Keyword,
GHRC,DIF,C321563.xml,Instrument Keyword,
GHRC,DIF,C321563.xml,Instrument Keyword,
GHRC,DIF,C321563.xml,Instrument Long Name,
GHRC,DIF,C321563.xml,Instrument Short Name,
GHRC,DIF,C321563.xml,Instrument Short Name,
GHRC,DIF,C321563.xml,Keyword,
GHRC,DIF,C321563.xml,Keyword,
GHRC,DIF,C321563.xml,Keyword,
GHRC,DIF,C321563.xml,Keyword,
GHRC,DIF,C321563.xml,Keyword,
GHRC,DIF,C321563.xml,Keyword,
GHRC,DIF,C321563.xml,Keyword,
GHRC,DIF,C321563.xml,Keyword,
GHRC,DIF,C321563.xml,Metadata Dates,
GHRC,DIF,C321563.xml,Metadata Dates,
GHRC,DIF,C321563.xml,Metadata Identifier,
GHRC,DIF,C321563.xml,Metadata Modified Date,
GHRC,DIF,C321563.xml,Metadata Modified Date,
GHRC,DIF,C321563.xml,Metadata Standard Citation,
GHRC,DIF,C321563.xml,Metadata Standard Version,
GHRC,DIF,C321563.xml,Northernmost Latitude,
GHRC,DIF,C321563.xml,Online Resource Name/Title,
GHRC,DIF,C321563.xml,Party,
GHRC,DIF,C321563.xml,Party,
GHRC,DIF,C321563.xml,Platform,
GHRC,DIF,C321563.xml,Platform,
GHRC,DIF,C321563.xml,Platform Keyword,
GHRC,DIF,C321563.xml,Platform Keyword,
GHRC,DIF,C321563.xml,Platform Long Name,
GHRC,DIF,C321563.xml,Platform Short Name,
GHRC,DIF,C321563.xml,Processing Level,
GHRC,DIF,C321563.xml,Product Link,
GHRC,DIF,C321563.xml,Product Link,
GHRC,DIF,C321563.xml,Product Link,
GHRC,DIF,C321563.xml,Product Link,
GHRC,DIF,C321563.xml,Project Keyword,
GHRC,DIF,C321563.xml,Project Keyword,
GHRC,DIF,C321563.xml,Project Name,
GHRC,DIF,C321563.xml,Project Website Link,
GHRC,DIF,C321563.xml,Project Website Link,
GHRC,DIF,C321563.xml,Project Website Link,
GHRC,DIF,C321563.xml,Project Website Link,
GHRC,DIF,C321563.xml,Purpose,
GHRC,DIF,C321563.xml,Quality Statement,
GHRC,DIF,C321563.xml,Related URL,
GHRC,DIF,C321563.xml,Related URL,
GHRC,DIF,C321563.xml,Related URL,
GHRC,DIF,C321563.xml,Related URL,
GHRC,DIF,C321563.xml,Resource Citation,
GHRC,DIF,C321563.xml,Resource Title,
GHRC,DIF,C321563.xml,Resource Use Constraints,
GHRC,DIF,C321563.xml,Resource on-line Link,
GHRC,DIF,C321563.xml,Resource on-line Link,
GHRC,DIF,C321563.xml,Resource on-line Link,
GHRC,DIF,C321563.xml,Resource on-line Link,
GHRC,DIF,C321563.xml,Responsibility,
GHRC,DIF,C321563.xml,Responsibility,
GHRC,DIF,C321563.xml,Responsibility,
GHRC,DIF,C321563.xml,Role,
GHRC,DIF,C321563.xml,Security Constraints,
GHRC,DIF,C321563.xml,Southernmost Latitude,
GHRC,DIF,C321563.xml,Spatial Extent,
GHRC,DIF,C321563.xml,Spatial Extent,
GHRC,DIF,C321563.xml,Spatial Extent,
GHRC,DIF,C321563.xml,Spatial Extent,
GHRC,DIF,C321563.xml,Spatial Representation,
GHRC,DIF,C321563.xml,Spatial Representation,
GHRC,DIF,C321563.xml,Spatial Representation,
GHRC,DIF,C321563.xml,Spatial Representation,
GHRC,DIF,C321563.xml,Spatial Representation,
GHRC,DIF,C321563.xml,Start Time,
GHRC,DIF,C321563.xml,Temporal Extent,
GHRC,DIF,C321563.xml,Temporal Extent,
GHRC,DIF,C321563.xml,Theme Keyword,
GHRC,DIF,C321563.xml,Theme Keyword,
GHRC,DIF,C321563.xml,Theme Keyword,
GHRC,DIF,C321563.xml,Theme Keyword,
GHRC,DIF,C321563.xml,Theme Keyword,
GHRC,DIF,C321563.xml,Theme Keyword,
GHRC,DIF,C321563.xml,Theme Keyword,
GHRC,DIF,C321563.xml,Theme Keyword,
GHRC,DIF,C321563.xml,Westernmost Longitude,
